region_short,region_full,x_L,y_L,x_R,y_R
MOB,"Main olfactory bulb","[113,112.5,112.5,112,111.5,111,110.5,110,109.5,109,108,107,106,105,104,103,102,101,100,99,98,97,96,95,94,93,92,91,90,89,88,87.5,87,86,85,84,83,82,81,80.5,80,79,78,77,76,75.5,75.5,75,74.5,74.5,74,73.5,73.5,73.5,73,72.5,72.5,72.5,72.5,72.5,72.5,72.5,72.5,73,73.5,73.5,74,74.5,74.5,75,75.5,75.5,76,76.5,77,77.5,78,78.5,79,79.5,80,80.5,81,81.5,82,82.5,83,83.5,84,84.5,85,86,87,88,89,90,91,91.5,92,93,94,94.5,95,96,96.5,97,98,99,99.5,100,101,102,103,104,105,105.5,106,107,107.5,108,108.5,109,110,111,112,112.5,113,113.5,114,114.5,114.5,114.5,114.5,114,113.5,113.5,113.5,113.5,113.5,113.5,113.5,113.5,113.5,113.5,113.5,113,112.5,112.5,112.5,112.5,112.5,112.5,112.5,112.5,112.5,112.5,112.5,112.5,112.5,113,113.5,113.5,113.5,113.5,113]","[42.5,42,41,40.5,40,39.5,39,38.5,38,37.5,37.5,37.5,37.5,37.5,37.5,37.5,37.5,37.5,37.5,37.5,37.5,37.5,37.5,37.5,37.5,37.5,37.5,37.5,37.5,37.5,37.5,38,38.5,38.5,38.5,38.5,38.5,38.5,38.5,39,39.5,39.5,39.5,39.5,39.5,39,38,37.5,37,36,35.5,35,34,33,32.5,32,31,30,29,28,27,26,25,24.5,24,23,22.5,22,21,20.5,20,19,18.5,18,17.5,17,16.5,16,15.5,15,14.5,14,13.5,13,12.5,12,11.5,11,10.5,10,9.5,9.5,9.5,9.5,9.5,9.5,9.5,9,8.5,8.5,8.5,8,7.5,7.5,7,6.5,6.5,6.5,6,5.5,5.5,5.5,5.5,5.5,5.5,6,6.5,6.5,7,7.5,8,8.5,8.5,8.5,8.5,9,9.5,10,10.5,11,12,13,14,14.5,15,16,17,18,19,20,21,22,23,24,25,25.5,26,27,28,29,30,31,32,33,34,35,36,37,38,38.5,39,40,41,42,42.5]","[117,117.5,117.5,118,118.5,119,119.5,120,120.5,121,122,123,124,125,126,127,128,129,130,131,132,133,134,135,136,137,138,139,140,141,142,142.5,143,144,145,146,147,148,149,149.5,150,151,152,153,154,154.5,154.5,155,155.5,155.5,156,156.5,156.5,156.5,157,157.5,157.5,157.5,157.5,157.5,157.5,157.5,157.5,157,156.5,156.5,156,155.5,155.5,155,154.5,154.5,154,153.5,153,152.5,152,151.5,151,150.5,150,149.5,149,148.5,148,147.5,147,146.5,146,145.5,145,144,143,142,141,140,139,138.5,138,137,136,135.5,135,134,133.5,133,132,131,130.5,130,129,128,127,126,125,124.5,124,123,122.5,122,121.5,121,120,119,118,117.5,117,116.5,116,115.5,115.5,115.5,115.5,116,116.5,116.5,116.5,116.5,116.5,116.5,116.5,116.5,116.5,116.5,116.5,117,117.5,117.5,117.5,117.5,117.5,117.5,117.5,117.5,117.5,117.5,117.5,117.5,117.5,117,116.5,116.5,116.5,116.5,117]","[42.5,42,41,40.5,40,39.5,39,38.5,38,37.5,37.5,37.5,37.5,37.5,37.5,37.5,37.5,37.5,37.5,37.5,37.5,37.5,37.5,37.5,37.5,37.5,37.5,37.5,37.5,37.5,37.5,38,38.5,38.5,38.5,38.5,38.5,38.5,38.5,39,39.5,39.5,39.5,39.5,39.5,39,38,37.5,37,36,35.5,35,34,33,32.5,32,31,30,29,28,27,26,25,24.5,24,23,22.5,22,21,20.5,20,19,18.5,18,17.5,17,16.5,16,15.5,15,14.5,14,13.5,13,12.5,12,11.5,11,10.5,10,9.5,9.5,9.5,9.5,9.5,9.5,9.5,9,8.5,8.5,8.5,8,7.5,7.5,7,6.5,6.5,6.5,6,5.5,5.5,5.5,5.5,5.5,5.5,6,6.5,6.5,7,7.5,8,8.5,8.5,8.5,8.5,9,9.5,10,10.5,11,12,13,14,14.5,15,16,17,18,19,20,21,22,23,24,25,25.5,26,27,28,29,30,31,32,33,34,35,36,37,38,38.5,39,40,41,42,42.5]"
FRP,"Frontal pole, cerebral cortex","[102,101,100.5,100,99.5,99,98,97,96,95,94.5,94,93,92,91.5,91,90.5,90,89,88,87,86,85.5,85,84.5,84,83,82,81,80.5,81,82,83,84,85,86,87,87.5,88,89,90,91,92,93,94,95,96,97,98,99,100,101,102,103,104,105,106,107,108,109,109.5,109,108,107,106,105,104.5,104,103,102.5,102]","[40.5,40.5,40,39.5,40,40.5,40.5,40.5,40.5,40.5,40,39.5,39.5,39.5,40,40.5,40,39.5,39.5,39.5,39.5,39.5,40,40.5,40,39.5,39.5,39.5,39.5,39,38.5,38.5,38.5,38.5,38.5,38.5,38.5,38,37.5,37.5,37.5,37.5,37.5,37.5,37.5,37.5,37.5,37.5,37.5,37.5,37.5,37.5,37.5,37.5,37.5,37.5,37.5,37.5,37.5,37.5,38,38.5,38.5,38.5,38.5,38.5,39,39.5,39.5,40,40.5]","[128,129,129.5,130,130.5,131,132,133,134,135,135.5,136,137,138,138.5,139,139.5,140,141,142,143,144,144.5,145,145.5,146,147,148,149,149.5,149,148,147,146,145,144,143,142.5,142,141,140,139,138,137,136,135,134,133,132,131,130,129,128,127,126,125,124,123,122,121,120.5,121,122,123,124,125,125.5,126,127,127.5,128]","[40.5,40.5,40,39.5,40,40.5,40.5,40.5,40.5,40.5,40,39.5,39.5,39.5,40,40.5,40,39.5,39.5,39.5,39.5,39.5,40,40.5,40,39.5,39.5,39.5,39.5,39,38.5,38.5,38.5,38.5,38.5,38.5,38.5,38,37.5,37.5,37.5,37.5,37.5,37.5,37.5,37.5,37.5,37.5,37.5,37.5,37.5,37.5,37.5,37.5,37.5,37.5,37.5,37.5,37.5,37.5,38,38.5,38.5,38.5,38.5,38.5,39,39.5,39.5,40,40.5]"
MOp,"Primary motor area","[100,99,98,97,96,95,94,93,92.5,92,91.5,91.5,91.5,91,90.5,90.5,90,89.5,89,88.5,88,87.5,87,86.5,86,85.5,85,84.5,84,83,82.5,82.5,82,81,80.5,80,79.5,79,78.5,78,77.5,77,76.5,76,75.5,75,74.5,74,73.5,73,72.5,72,71.5,71,70.5,70,69.5,69,68.5,68,67.5,67,66.5,66,65.5,65,64.5,64,63.5,63,62.5,62,61.5,61,60,59.5,59,58.5,58,57.5,57,56,55.5,55,54.5,54,53.5,53,52.5,52,51,50.5,50.5,50,49.5,49,48.5,48,47.5,47,46.5,46,45.5,45,44.5,44,43.5,43,42.5,42.5,43,43.5,44,44.5,45,45.5,45.5,46,46.5,47,47.5,48,48.5,49,49.5,49.5,50,50.5,51,51.5,52,52.5,53,53.5,54,54.5,54.5,55,55.5,56,56.5,56.5,57,57.5,58,58.5,59,59.5,60,60.5,61,61.5,62,62.5,63,63.5,64,64.5,65,65.5,66,66.5,67,67.5,68,68.5,69,69.5,70,70.5,71,71.5,72,72.5,73,73.5,74,74.5,75,75.5,76,76.5,77,77.5,78,78.5,79,79.5,80,80.5,81,81.5,82,82.5,83,83.5,84,84.5,85,85.5,86,86.5,86.5,87,87.5,88,88.5,89,89.5,90,90.5,90.5,91,91.5,92,92.5,92.5,93,93.5,93.5,94,94.5,94.5,95,95.5,95.5,96,96.5,96.5,96.5,97,97.5,97.5,98,98.5,98.5,98.5,99,99.5,99.5,99.5,99.5,100,100.5,100.5,100.5,100.5,100.5,100.5,100.5,100.5,100.5,100]","[122.5,122.5,122.5,122.5,122.5,122.5,122.5,122.5,122,121.5,121,120,119,118.5,118,117,116.5,116,115.5,115,114.5,114,113.5,113,112.5,112,111.5,111,110.5,110.5,110,109,108.5,108.5,108,107.5,107,106.5,106,105.5,105,104.5,104,103.5,103,102.5,102,101.5,101,100.5,100,99.5,99,98.5,98,97.5,97,96.5,96,95.5,95,94.5,94,93.5,93,92.5,92,91.5,91,90.5,90,89.5,89,88.5,88.5,88,87.5,87,86.5,86,85.5,85.5,85,84.5,84,83.5,83,82.5,82,81.5,81.5,81,80,79.5,79,78.5,78,77.5,77,76.5,76,75.5,75,74.5,74,73.5,73,72.5,72,71,70.5,70,69.5,69,68.5,68,67,66.5,66,65.5,65,64.5,64,63.5,63,62,61.5,61,60.5,60,59.5,59,58.5,58,57.5,57,56,55.5,55,54.5,55,56,56.5,57,57.5,58,58.5,59,59.5,60,60.5,61,61.5,62,62.5,63,63.5,64,64.5,65,65.5,66,66.5,67,67.5,68,68.5,69,69.5,70,70.5,71,71.5,72,72.5,73,73.5,74,74.5,75,75.5,76,76.5,77,77.5,78,78.5,79,79.5,80,80.5,81,81.5,82,82.5,83,83.5,84,84.5,85,85.5,86,87,87.5,88,88.5,89,89.5,90,90.5,91,92,92.5,93,93.5,94,95,95.5,96,97,97.5,98,99,99.5,100,101,101.5,102,103,104,104.5,105,106,106.5,107,108,109,109.5,110,111,112,113,113.5,114,115,116,117,118,119,120,121,122,122.5]","[130,131,132,133,134,135,136,137,137.5,138,138.5,138.5,138.5,139,139.5,139.5,140,140.5,141,141.5,142,142.5,143,143.5,144,144.5,145,145.5,146,147,147.5,147.5,148,149,149.5,150,150.5,151,151.5,152,152.5,153,153.5,154,154.5,155,155.5,156,156.5,157,157.5,158,158.5,159,159.5,160,160.5,161,161.5,162,162.5,163,163.5,164,164.5,165,165.5,166,166.5,167,167.5,168,168.5,169,170,170.5,171,171.5,172,172.5,173,174,174.5,175,175.5,176,176.5,177,177.5,178,179,179.5,179.5,180,180.5,181,181.5,182,182.5,183,183.5,184,184.5,185,185.5,186,186.5,187,187.5,187.5,187,186.5,186,185.5,185,184.5,184.5,184,183.5,183,182.5,182,181.5,181,180.5,180.5,180,179.5,179,178.5,178,177.5,177,176.5,176,175.5,175.5,175,174.5,174,173.5,173.5,173,172.5,172,171.5,171,170.5,170,169.5,169,168.5,168,167.5,167,166.5,166,165.5,165,164.5,164,163.5,163,162.5,162,161.5,161,160.5,160,159.5,159,158.5,158,157.5,157,156.5,156,155.5,155,154.5,154,153.5,153,152.5,152,151.5,151,150.5,150,149.5,149,148.5,148,147.5,147,146.5,146,145.5,145,144.5,144,143.5,143.5,143,142.5,142,141.5,141,140.5,140,139.5,139.5,139,138.5,138,137.5,137.5,137,136.5,136.5,136,135.5,135.5,135,134.5,134.5,134,133.5,133.5,133.5,133,132.5,132.5,132,131.5,131.5,131.5,131,130.5,130.5,130.5,130.5,130,129.5,129.5,129.5,129.5,129.5,129.5,129.5,129.5,129.5,130]","[122.5,122.5,122.5,122.5,122.5,122.5,122.5,122.5,122,121.5,121,120,119,118.5,118,117,116.5,116,115.5,115,114.5,114,113.5,113,112.5,112,111.5,111,110.5,110.5,110,109,108.5,108.5,108,107.5,107,106.5,106,105.5,105,104.5,104,103.5,103,102.5,102,101.5,101,100.5,100,99.5,99,98.5,98,97.5,97,96.5,96,95.5,95,94.5,94,93.5,93,92.5,92,91.5,91,90.5,90,89.5,89,88.5,88.5,88,87.5,87,86.5,86,85.5,85.5,85,84.5,84,83.5,83,82.5,82,81.5,81.5,81,80,79.5,79,78.5,78,77.5,77,76.5,76,75.5,75,74.5,74,73.5,73,72.5,72,71,70.5,70,69.5,69,68.5,68,67,66.5,66,65.5,65,64.5,64,63.5,63,62,61.5,61,60.5,60,59.5,59,58.5,58,57.5,57,56,55.5,55,54.5,55,56,56.5,57,57.5,58,58.5,59,59.5,60,60.5,61,61.5,62,62.5,63,63.5,64,64.5,65,65.5,66,66.5,67,67.5,68,68.5,69,69.5,70,70.5,71,71.5,72,72.5,73,73.5,74,74.5,75,75.5,76,76.5,77,77.5,78,78.5,79,79.5,80,80.5,81,81.5,82,82.5,83,83.5,84,84.5,85,85.5,86,87,87.5,88,88.5,89,89.5,90,90.5,91,92,92.5,93,93.5,94,95,95.5,96,97,97.5,98,99,99.5,100,101,101.5,102,103,104,104.5,105,106,106.5,107,108,109,109.5,110,111,112,113,113.5,114,115,116,117,118,119,120,121,122,122.5]"
MOs,"Secondary motor area","[112,111,110,109,108,107,106,105,104,103,102,101,100.5,100.5,100.5,100.5,100.5,100.5,100.5,100.5,100.5,100,99.5,99.5,99.5,99.5,99,98.5,98.5,98.5,98,97.5,97.5,97,96.5,96.5,96.5,96,95.5,95.5,95,94.5,94.5,94,93.5,93.5,93,92.5,92.5,92,91.5,91,90.5,90.5,90,89.5,89,88.5,88,87.5,87,86.5,86.5,86,85.5,85,84.5,84,83.5,83,82.5,82,81.5,81,80.5,80,79.5,79,78.5,78,77.5,77,76.5,76,75.5,75,74.5,74,73.5,73,72.5,72,71.5,71,70.5,70,69.5,69,68.5,68,67.5,67,66.5,66,65.5,65,64.5,64,63.5,63,62.5,62,61.5,61,60.5,60,59.5,59,58.5,58,57.5,57,56.5,56.5,56.5,57,57.5,58,58.5,59,59.5,60,60.5,61,61.5,62,62.5,63,63.5,64,64.5,65,65.5,66,67,67.5,68,68.5,69,70,70.5,71,72,73,73.5,74,75,76,76.5,77,78,79,80,81,82,83,84,84.5,85,85.5,86,87,88,89,90,90.5,91,91.5,92,93,94,94.5,95,96,97,98,99,100,100.5,101,101.5,102,102.5,102.5,103,103.5,104,104.5,105,105.5,106,106.5,106.5,107,108,108.5,108.5,109,109.5,109.5,109.5,109.5,110,110.5,110.5,110.5,110.5,110.5,110.5,110.5,110.5,110.5,110.5,110.5,111,111.5,111.5,111.5,111.5,111.5,111.5,111.5,111.5,112,112.5,112.5,112.5,112.5,112.5,112.5,112.5,113,113.5,113.5,113,112.5,113,113.5,113.5,113.5,113.5,113.5,113.5,113.5,113.5,114,114.5,114.5,114.5,114.5,114.5,114.5,114.5,114.5,114.5,114.5,114.5,114.5,114.5,114.5,114.5,114.5,114.5,114.5,114.5,114.5,114,113.5,114,114.5,114.5,114,113.5,114,114.5,114.5,114,113.5,114,114.5,114.5,114,113,112.5,112]","[122.5,122.5,122.5,122.5,122.5,122.5,122.5,122.5,122.5,122.5,122.5,122.5,122,121,120,119,118,117,116,115,114,113.5,113,112,111,110,109.5,109,108,107,106.5,106,105,104.5,104,103,102,101.5,101,100,99.5,99,98,97.5,97,96,95.5,95,94,93.5,93,92.5,92,91,90.5,90,89.5,89,88.5,88,87.5,87,86,85.5,85,84.5,84,83.5,83,82.5,82,81.5,81,80.5,80,79.5,79,78.5,78,77.5,77,76.5,76,75.5,75,74.5,74,73.5,73,72.5,72,71.5,71,70.5,70,69.5,69,68.5,68,67.5,67,66.5,66,65.5,65,64.5,64,63.5,63,62.5,62,61.5,61,60.5,60,59.5,59,58.5,58,57.5,57,56.5,56,55,54,53.5,53,52.5,52,51.5,51,50.5,50,49.5,49,48.5,48,47.5,47,46.5,46,45.5,45,44.5,44.5,44,43.5,43,42.5,42.5,42,41.5,41.5,41.5,41,40.5,40.5,40.5,40,39.5,39.5,39.5,39.5,39.5,39.5,39.5,39.5,40,40.5,40,39.5,39.5,39.5,39.5,39.5,40,40.5,40,39.5,39.5,39.5,40,40.5,40.5,40.5,40.5,40.5,40.5,41,41.5,42,42.5,43,44,44.5,45,45.5,46,46.5,47,47.5,48,49,49.5,49.5,50,51,51.5,52,53,54,55,55.5,56,57,58,59,60,61,62,63,64,65,66,66.5,67,68,69,70,71,72,73,74,74.5,75,76,77,78,79,80,81,81.5,82,83,83.5,84,84.5,85,86,87,88,89,90,91,92,92.5,93,94,95,96,97,98,99,100,101,102,103,104,105,106,107,108,109,110,111,112,112.5,113,113.5,114,115,115.5,116,116.5,117,118,118.5,119,119.5,120,121,121.5,121.5,122,122.5]","[118,119,120,121,122,123,124,125,126,127,128,129,129.5,129.5,129.5,129.5,129.5,129.5,129.5,129.5,129.5,130,130.5,130.5,130.5,130.5,131,131.5,131.5,131.5,132,132.5,132.5,133,133.5,133.5,133.5,134,134.5,134.5,135,135.5,135.5,136,136.5,136.5,137,137.5,137.5,138,138.5,139,139.5,139.5,140,140.5,141,141.5,142,142.5,143,143.5,143.5,144,144.5,145,145.5,146,146.5,147,147.5,148,148.5,149,149.5,150,150.5,151,151.5,152,152.5,153,153.5,154,154.5,155,155.5,156,156.5,157,157.5,158,158.5,159,159.5,160,160.5,161,161.5,162,162.5,163,163.5,164,164.5,165,165.5,166,166.5,167,167.5,168,168.5,169,169.5,170,170.5,171,171.5,172,172.5,173,173.5,173.5,173.5,173,172.5,172,171.5,171,170.5,170,169.5,169,168.5,168,167.5,167,166.5,166,165.5,165,164.5,164,163,162.5,162,161.5,161,160,159.5,159,158,157,156.5,156,155,154,153.5,153,152,151,150,149,148,147,146,145.5,145,144.5,144,143,142,141,140,139.5,139,138.5,138,137,136,135.5,135,134,133,132,131,130,129.5,129,128.5,128,127.5,127.5,127,126.5,126,125.5,125,124.5,124,123.5,123.5,123,122,121.5,121.5,121,120.5,120.5,120.5,120.5,120,119.5,119.5,119.5,119.5,119.5,119.5,119.5,119.5,119.5,119.5,119.5,119,118.5,118.5,118.5,118.5,118.5,118.5,118.5,118.5,118,117.5,117.5,117.5,117.5,117.5,117.5,117.5,117,116.5,116.5,117,117.5,117,116.5,116.5,116.5,116.5,116.5,116.5,116.5,116.5,116,115.5,115.5,115.5,115.5,115.5,115.5,115.5,115.5,115.5,115.5,115.5,115.5,115.5,115.5,115.5,115.5,115.5,115.5,115.5,115.5,116,116.5,116,115.5,115.5,116,116.5,116,115.5,115.5,116,116.5,116,115.5,115.5,116,117,117.5,118]","[122.5,122.5,122.5,122.5,122.5,122.5,122.5,122.5,122.5,122.5,122.5,122.5,122,121,120,119,118,117,116,115,114,113.5,113,112,111,110,109.5,109,108,107,106.5,106,105,104.5,104,103,102,101.5,101,100,99.5,99,98,97.5,97,96,95.5,95,94,93.5,93,92.5,92,91,90.5,90,89.5,89,88.5,88,87.5,87,86,85.5,85,84.5,84,83.5,83,82.5,82,81.5,81,80.5,80,79.5,79,78.5,78,77.5,77,76.5,76,75.5,75,74.5,74,73.5,73,72.5,72,71.5,71,70.5,70,69.5,69,68.5,68,67.5,67,66.5,66,65.5,65,64.5,64,63.5,63,62.5,62,61.5,61,60.5,60,59.5,59,58.5,58,57.5,57,56.5,56,55,54,53.5,53,52.5,52,51.5,51,50.5,50,49.5,49,48.5,48,47.5,47,46.5,46,45.5,45,44.5,44.5,44,43.5,43,42.5,42.5,42,41.5,41.5,41.5,41,40.5,40.5,40.5,40,39.5,39.5,39.5,39.5,39.5,39.5,39.5,39.5,40,40.5,40,39.5,39.5,39.5,39.5,39.5,40,40.5,40,39.5,39.5,39.5,40,40.5,40.5,40.5,40.5,40.5,40.5,41,41.5,42,42.5,43,44,44.5,45,45.5,46,46.5,47,47.5,48,49,49.5,49.5,50,51,51.5,52,53,54,55,55.5,56,57,58,59,60,61,62,63,64,65,66,66.5,67,68,69,70,71,72,73,74,74.5,75,76,77,78,79,80,81,81.5,82,83,83.5,84,84.5,85,86,87,88,89,90,91,92,92.5,93,94,95,96,97,98,99,100,101,102,103,104,105,106,107,108,109,110,111,112,112.5,113,113.5,114,115,115.5,116,116.5,117,118,118.5,119,119.5,120,121,121.5,121.5,122,122.5]"
SSp-n,"Primary somatosensory area, nose","[26,25.5,25.5,25.5,25.5,25.5,25.5,25.5,25.5,25.5,25.5,25.5,25.5,25.5,25.5,25.5,25.5,25.5,26,26.5,27,27.5,28,29,29.5,30,31,31.5,32,33,34,34.5,35,36,37,37.5,38,39,40,41,42,42.5,43,43.5,44,45,45.5,46,46.5,46.5,46.5,46.5,47,47.5,47.5,47.5,47,46.5,46.5,46.5,46,45.5,45.5,45.5,45,44,43.5,43,42,41.5,41,40,39.5,39,38,37.5,37,36,35,34.5,34,33,32.5,32,31,30.5,30,29,28.5,28,27,26.5,26]","[123.5,123,122,121,120,119,118,117,116,115,114,113,112,111,110,109,108,107,106.5,106,105.5,105,104.5,104.5,104,103.5,103.5,103,102.5,102.5,102.5,102,101.5,101.5,101.5,101,100.5,100.5,100.5,100.5,100.5,100,99.5,100,100.5,100.5,101,101.5,102,103,104,105,105.5,106,107,108,108.5,109,110,111,111.5,112,113,114,114.5,114.5,115,115.5,115.5,116,116.5,116.5,117,117.5,117.5,118,118.5,118.5,118.5,119,119.5,119.5,120,120.5,120.5,121,121.5,121.5,122,122.5,122.5,123,123.5]","[204,204.5,204.5,204.5,204.5,204.5,204.5,204.5,204.5,204.5,204.5,204.5,204.5,204.5,204.5,204.5,204.5,204.5,204,203.5,203,202.5,202,201,200.5,200,199,198.5,198,197,196,195.5,195,194,193,192.5,192,191,190,189,188,187.5,187,186.5,186,185,184.5,184,183.5,183.5,183.5,183.5,183,182.5,182.5,182.5,183,183.5,183.5,183.5,184,184.5,184.5,184.5,185,186,186.5,187,188,188.5,189,190,190.5,191,192,192.5,193,194,195,195.5,196,197,197.5,198,199,199.5,200,201,201.5,202,203,203.5,204]","[123.5,123,122,121,120,119,118,117,116,115,114,113,112,111,110,109,108,107,106.5,106,105.5,105,104.5,104.5,104,103.5,103.5,103,102.5,102.5,102.5,102,101.5,101.5,101.5,101,100.5,100.5,100.5,100.5,100.5,100,99.5,100,100.5,100.5,101,101.5,102,103,104,105,105.5,106,107,108,108.5,109,110,111,111.5,112,113,114,114.5,114.5,115,115.5,115.5,116,116.5,116.5,117,117.5,117.5,118,118.5,118.5,118.5,119,119.5,119.5,120,120.5,120.5,121,121.5,121.5,122,122.5,122.5,123,123.5]"
SSp-m,"Primary somatosensory area, mouth","[27,26.5,26.5,26.5,26.5,26.5,27,27.5,27.5,27.5,28,28.5,28.5,28.5,29,29.5,29.5,30,30.5,30.5,30.5,31,31.5,31.5,32,32.5,32.5,33,33.5,33.5,34,34.5,34.5,35,35.5,36,36.5,36.5,37,37.5,38,38.5,38.5,39,39.5,40,40.5,41,41.5,41.5,42,42.5,43,43.5,44,44.5,45,45.5,46,46.5,47,47.5,48,48.5,49,49.5,50,50.5,50.5,51,52,52.5,53,53.5,53.5,53.5,53.5,53.5,53,52.5,52.5,52.5,52.5,52.5,52,51.5,51.5,51.5,51.5,51,50.5,50.5,50,49.5,49,48.5,48,47,46,45,44,43.5,43,42.5,42,41,40,39,38,37.5,37,36,35,34.5,34,33,32,31.5,31,30,29.5,29,28,27.5,27]","[105.5,105,104,103,102,101,100.5,100,99,98,97.5,97,96,95,94.5,94,93,92.5,92,91,90,89.5,89,88,87.5,87,86,85.5,85,84,83.5,83,82,81.5,81,80.5,80,79,78.5,78,77.5,77,76,75.5,75,74.5,74,73.5,73,72,71.5,72,72.5,73,73.5,74,74.5,75,75.5,76,76.5,77,77.5,78,78.5,79,79.5,80,81,81.5,81.5,82,82.5,83,84,85,86,87,87.5,88,89,90,91,92,92.5,93,94,95,96,96.5,97,98,98.5,99,99.5,100,100.5,100.5,100.5,100.5,100.5,100,99.5,100,100.5,100.5,100.5,100.5,100.5,101,101.5,101.5,101.5,102,102.5,102.5,102.5,103,103.5,103.5,104,104.5,104.5,105,105.5]","[203,203.5,203.5,203.5,203.5,203.5,203,202.5,202.5,202.5,202,201.5,201.5,201.5,201,200.5,200.5,200,199.5,199.5,199.5,199,198.5,198.5,198,197.5,197.5,197,196.5,196.5,196,195.5,195.5,195,194.5,194,193.5,193.5,193,192.5,192,191.5,191.5,191,190.5,190,189.5,189,188.5,188.5,188,187.5,187,186.5,186,185.5,185,184.5,184,183.5,183,182.5,182,181.5,181,180.5,180,179.5,179.5,179,178,177.5,177,176.5,176.5,176.5,176.5,176.5,177,177.5,177.5,177.5,177.5,177.5,178,178.5,178.5,178.5,178.5,179,179.5,179.5,180,180.5,181,181.5,182,183,184,185,186,186.5,187,187.5,188,189,190,191,192,192.5,193,194,195,195.5,196,197,198,198.5,199,200,200.5,201,202,202.5,203]","[105.5,105,104,103,102,101,100.5,100,99,98,97.5,97,96,95,94.5,94,93,92.5,92,91,90,89.5,89,88,87.5,87,86,85.5,85,84,83.5,83,82,81.5,81,80.5,80,79,78.5,78,77.5,77,76,75.5,75,74.5,74,73.5,73,72,71.5,72,72.5,73,73.5,74,74.5,75,75.5,76,76.5,77,77.5,78,78.5,79,79.5,80,81,81.5,81.5,82,82.5,83,84,85,86,87,87.5,88,89,90,91,92,92.5,93,94,95,96,96.5,97,98,98.5,99,99.5,100,100.5,100.5,100.5,100.5,100.5,100,99.5,100,100.5,100.5,100.5,100.5,100.5,101,101.5,101.5,101.5,102,102.5,102.5,102.5,103,103.5,103.5,104,104.5,104.5,105,105.5]"
SSp-un,"Primary somatosensory area, unassigned","[60,59.5,59.5,59.5,59.5,59,58.5,58.5,58.5,58,57.5,57.5,57.5,57,56.5,56,55.5,55.5,55,54.5,54.5,54,53.5,53,52.5,52.5,52,51.5,51,50,49.5,49,48.5,48,47,46,45.5,45.5,46,46.5,46.5,46.5,47,47.5,47.5,47.5,47,46.5,46.5,46.5,46.5,46,45.5,46,47,48,48.5,49,49.5,50,50.5,50.5,51,51.5,51.5,51.5,51.5,52,52.5,52.5,52.5,52.5,52.5,52.5,53,53.5,53.5,53.5,54,54.5,54.5,54.5,55,55.5,55.5,56,56.5,56.5,57,57.5,57.5,58,58.5,58.5,59,59.5,59.5,60,60.5,60.5,61,61.5,61.5,62,62.5,62.5,63,63.5,63.5,64,64.5,64.5,64,63,62.5,62,61,60.5,60]","[134.5,134,133,132,131,130.5,130,129,128,127.5,127,126,125,124.5,124,123.5,123,122,121.5,121,120,119.5,119,118.5,118,117,116.5,116,115.5,115.5,115,114.5,114,113.5,113.5,113.5,113,112,111.5,111,110,109,108.5,108,107,106,105.5,105,104,103,102,101.5,101,100.5,100.5,100.5,100,99.5,99,98.5,98,97,96.5,97,98,99,100,100.5,101,102,103,104,105,106,106.5,107,108,109,109.5,110,111,112,112.5,113,114,114.5,115,116,116.5,117,118,118.5,119,120,120.5,121,122,122.5,123,124,124.5,125,126,126.5,127,128,128.5,129,130,130.5,131,132,132.5,132.5,133,133.5,133.5,134,134.5]","[170,170.5,170.5,170.5,170.5,171,171.5,171.5,171.5,172,172.5,172.5,172.5,173,173.5,174,174.5,174.5,175,175.5,175.5,176,176.5,177,177.5,177.5,178,178.5,179,180,180.5,181,181.5,182,183,184,184.5,184.5,184,183.5,183.5,183.5,183,182.5,182.5,182.5,183,183.5,183.5,183.5,183.5,184,184.5,184,183,182,181.5,181,180.5,180,179.5,179.5,179,178.5,178.5,178.5,178.5,178,177.5,177.5,177.5,177.5,177.5,177.5,177,176.5,176.5,176.5,176,175.5,175.5,175.5,175,174.5,174.5,174,173.5,173.5,173,172.5,172.5,172,171.5,171.5,171,170.5,170.5,170,169.5,169.5,169,168.5,168.5,168,167.5,167.5,167,166.5,166.5,166,165.5,165.5,166,167,167.5,168,169,169.5,170]","[134.5,134,133,132,131,130.5,130,129,128,127.5,127,126,125,124.5,124,123.5,123,122,121.5,121,120,119.5,119,118.5,118,117,116.5,116,115.5,115.5,115,114.5,114,113.5,113.5,113.5,113,112,111.5,111,110,109,108.5,108,107,106,105.5,105,104,103,102,101.5,101,100.5,100.5,100.5,100,99.5,99,98.5,98,97,96.5,97,98,99,100,100.5,101,102,103,104,105,106,106.5,107,108,109,109.5,110,111,112,112.5,113,114,114.5,115,116,116.5,117,118,118.5,119,120,120.5,121,122,122.5,123,124,124.5,125,126,126.5,127,128,128.5,129,130,130.5,131,132,132.5,132.5,133,133.5,133.5,134,134.5]"
PL,"Prelimbic area","[114,113.5,113.5,113,112.5,112.5,112,111.5,111,110.5,110,109.5,109,108.5,108,107,106.5,106.5,106,105.5,105,104.5,104,103.5,103,102.5,102.5,102,101.5,101,100.5,101,102,102.5,103,104,104.5,105,106,107,108,109,110,110.5,111,111.5,112,112.5,112.5,113,113.5,113.5,114,114.5,114.5,114.5,114.5,114.5,114.5,114.5,114.5,114.5,114.5,114.5,114.5,114.5,114]","[57.5,57,56,55.5,55,54,53.5,53,52.5,52,51.5,51,50.5,50,49.5,49.5,49,48,47.5,47,46.5,46,45.5,45,44.5,44,43,42.5,42,41.5,41,40.5,40.5,40,39.5,39.5,39,38.5,38.5,38.5,38.5,38.5,38.5,39,39.5,40,40.5,41,42,42.5,43,44,44.5,45,46,47,48,49,50,51,52,53,54,55,56,57,57.5]","[116,116.5,116.5,117,117.5,117.5,118,118.5,119,119.5,120,120.5,121,121.5,122,123,123.5,123.5,124,124.5,125,125.5,126,126.5,127,127.5,127.5,128,128.5,129,129.5,129,128,127.5,127,126,125.5,125,124,123,122,121,120,119.5,119,118.5,118,117.5,117.5,117,116.5,116.5,116,115.5,115.5,115.5,115.5,115.5,115.5,115.5,115.5,115.5,115.5,115.5,115.5,115.5,116]","[57.5,57,56,55.5,55,54,53.5,53,52.5,52,51.5,51,50.5,50,49.5,49.5,49,48,47.5,47,46.5,46,45.5,45,44.5,44,43,42.5,42,41.5,41,40.5,40.5,40,39.5,39.5,39,38.5,38.5,38.5,38.5,38.5,38.5,39,39.5,40,40.5,41,42,42.5,43,44,44.5,45,46,47,48,49,50,51,52,53,54,55,56,57,57.5]"
ACAd,"Anterior cingulate area, dorsal part","[109,108.5,109,109.5,109]","[51.5,51,50.5,51,51.5]","[121,121.5,121,120.5,121]","[51.5,51,50.5,51,51.5]"
RSPv,"Retrosplenial area, ventral part","[110,109.5,109.5,109.5,110,110.5,110,109.5,110,110.5,110.5,110.5,110.5,110.5,110.5,110.5,110.5,110.5,110.5,110.5,110.5,110.5,110.5,110.5,110.5,110.5,110.5,110.5,111,111.5,111,110.5,110.5,111,111.5,111.5,111.5,111.5,111.5,111.5,111.5,111.5,111.5,111.5,111.5,111.5,112,112.5,112.5,112.5,113,113.5,113.5,113.5,114,114.5,114.5,114.5,114.5,114.5,114.5,114.5,114.5,114.5,114.5,114.5,114.5,114.5,114.5,114.5,114.5,114.5,114.5,114.5,114.5,114.5,114.5,114.5,114.5,114.5,114.5,114.5,114.5,114.5,114.5,114.5,114.5,114.5,114.5,114.5,114.5,114.5,114,113.5,113.5,113.5,113,112.5,112,111.5,111.5,111,110.5,110.5,110]","[178.5,178,177,176,175.5,175,174.5,174,173.5,173,172,171,170,169,168,167,166,165,164,163,162,161,160,159,158,157,156,155,154.5,154,153.5,153,152,151.5,151,150,149,148,147,146,145,144,143,142,141,140,139.5,139,138,137,136.5,136,135,134,133.5,134,135,136,137,138,139,140,141,142,143,144,145,146,147,148,149,150,151,152,153,154,155,156,157,158,159,160,161,162,163,164,165,166,167,168,169,170,170.5,171,172,173,173.5,174,174.5,175,176,176.5,177,178,178.5]","[120,120.5,120.5,120.5,120,119.5,120,120.5,120,119.5,119.5,119.5,119.5,119.5,119.5,119.5,119.5,119.5,119.5,119.5,119.5,119.5,119.5,119.5,119.5,119.5,119.5,119.5,119,118.5,119,119.5,119.5,119,118.5,118.5,118.5,118.5,118.5,118.5,118.5,118.5,118.5,118.5,118.5,118.5,118,117.5,117.5,117.5,117,116.5,116.5,116.5,116,115.5,115.5,115.5,115.5,115.5,115.5,115.5,115.5,115.5,115.5,115.5,115.5,115.5,115.5,115.5,115.5,115.5,115.5,115.5,115.5,115.5,115.5,115.5,115.5,115.5,115.5,115.5,115.5,115.5,115.5,115.5,115.5,115.5,115.5,115.5,115.5,115.5,116,116.5,116.5,116.5,117,117.5,118,118.5,118.5,119,119.5,119.5,120]","[178.5,178,177,176,175.5,175,174.5,174,173.5,173,172,171,170,169,168,167,166,165,164,163,162,161,160,159,158,157,156,155,154.5,154,153.5,153,152,151.5,151,150,149,148,147,146,145,144,143,142,141,140,139.5,139,138,137,136.5,136,135,134,133.5,134,135,136,137,138,139,140,141,142,143,144,145,146,147,148,149,150,151,152,153,154,155,156,157,158,159,160,161,162,163,164,165,166,167,168,169,170,170.5,171,172,173,173.5,174,174.5,175,176,176.5,177,178,178.5]"
RSPd,"Retrosplenial area, dorsal part","[98,97.5,97.5,97.5,97.5,97.5,97.5,97.5,97.5,97.5,97,96.5,96.5,96.5,96.5,96.5,96.5,96,95.5,95.5,95.5,95.5,95,94.5,94.5,94.5,94.5,94.5,94.5,94.5,94.5,94,93.5,94,94.5,94,93.5,93.5,93.5,93.5,93.5,93.5,93.5,93.5,93.5,93.5,93.5,93.5,93.5,93.5,93.5,94,94.5,94.5,94.5,94.5,94.5,95,95.5,95,94.5,95,95.5,95.5,95.5,95.5,96,96.5,96.5,96.5,97,97.5,98,98.5,98.5,99,99.5,99.5,100,100.5,101,101.5,101.5,102,102.5,103,103.5,104,104.5,105,105.5,106,107,108,109,110,111,112,112.5,113,114,114.5,114.5,114.5,114.5,114.5,114.5,114.5,114.5,114.5,114.5,114.5,114.5,114,113.5,113.5,113.5,113,112.5,112.5,112.5,112,111.5,111.5,111.5,111.5,111.5,111.5,111.5,111.5,111.5,111.5,111.5,111.5,111,110.5,110.5,111,111.5,111,110.5,110.5,110.5,110.5,110.5,110.5,110.5,110.5,110.5,110.5,110.5,110.5,110.5,110.5,110.5,110.5,110.5,110.5,110.5,110,109.5,110,110.5,110,109.5,109.5,109.5,109.5,109,108.5,108.5,108,107.5,107.5,107,106.5,106.5,106,105.5,105,104.5,104,103.5,103,102.5,102,101.5,101,100,99.5,99,98.5,98]","[192.5,192,191,190,189,188,187,186,185,184,183.5,183,182,181,180,179,178,177.5,177,176,175,174,173.5,173,172,171,170,169,168,167,166,165.5,165,164.5,164,163.5,163,162,161,160,159,158,157,156,155,154,153,152,151,150,149,148.5,148,147,146,145,144,143.5,143,142.5,142,141.5,141,140,139,138,137.5,137,136,135,134.5,134,133.5,133,132,131.5,131,130,129.5,129,128.5,128,127,126.5,126,125.5,125,124.5,124,123.5,123,122.5,122.5,122.5,122.5,122.5,122.5,122.5,122,121.5,121.5,122,123,124,125,126,127,128,129,130,131,132,133,133.5,134,135,136,136.5,137,138,139,139.5,140,141,142,143,144,145,146,147,148,149,150,151,151.5,152,153,153.5,154,154.5,155,156,157,158,159,160,161,162,163,164,165,166,167,168,169,170,171,172,173,173.5,174,174.5,175,175.5,176,177,178,179,179.5,180,181,181.5,182,183,183.5,184,185,185.5,186,186.5,187,187.5,188,188.5,189,189.5,190,190.5,190.5,191,191.5,192,192.5]","[132,132.5,132.5,132.5,132.5,132.5,132.5,132.5,132.5,132.5,133,133.5,133.5,133.5,133.5,133.5,133.5,134,134.5,134.5,134.5,134.5,135,135.5,135.5,135.5,135.5,135.5,135.5,135.5,135.5,136,136.5,136,135.5,136,136.5,136.5,136.5,136.5,136.5,136.5,136.5,136.5,136.5,136.5,136.5,136.5,136.5,136.5,136.5,136,135.5,135.5,135.5,135.5,135.5,135,134.5,135,135.5,135,134.5,134.5,134.5,134.5,134,133.5,133.5,133.5,133,132.5,132,131.5,131.5,131,130.5,130.5,130,129.5,129,128.5,128.5,128,127.5,127,126.5,126,125.5,125,124.5,124,123,122,121,120,119,118,117.5,117,116,115.5,115.5,115.5,115.5,115.5,115.5,115.5,115.5,115.5,115.5,115.5,115.5,116,116.5,116.5,116.5,117,117.5,117.5,117.5,118,118.5,118.5,118.5,118.5,118.5,118.5,118.5,118.5,118.5,118.5,118.5,118.5,119,119.5,119.5,119,118.5,119,119.5,119.5,119.5,119.5,119.5,119.5,119.5,119.5,119.5,119.5,119.5,119.5,119.5,119.5,119.5,119.5,119.5,119.5,119.5,120,120.5,120,119.5,120,120.5,120.5,120.5,120.5,121,121.5,121.5,122,122.5,122.5,123,123.5,123.5,124,124.5,125,125.5,126,126.5,127,127.5,128,128.5,129,130,130.5,131,131.5,132]","[192.5,192,191,190,189,188,187,186,185,184,183.5,183,182,181,180,179,178,177.5,177,176,175,174,173.5,173,172,171,170,169,168,167,166,165.5,165,164.5,164,163.5,163,162,161,160,159,158,157,156,155,154,153,152,151,150,149,148.5,148,147,146,145,144,143.5,143,142.5,142,141.5,141,140,139,138,137.5,137,136,135,134.5,134,133.5,133,132,131.5,131,130,129.5,129,128.5,128,127,126.5,126,125.5,125,124.5,124,123.5,123,122.5,122.5,122.5,122.5,122.5,122.5,122.5,122,121.5,121.5,122,123,124,125,126,127,128,129,130,131,132,133,133.5,134,135,136,136.5,137,138,139,139.5,140,141,142,143,144,145,146,147,148,149,150,151,151.5,152,153,153.5,154,154.5,155,156,157,158,159,160,161,162,163,164,165,166,167,168,169,170,171,172,173,173.5,174,174.5,175,175.5,176,177,178,179,179.5,180,181,181.5,182,183,183.5,184,185,185.5,186,186.5,187,187.5,188,188.5,189,189.5,190,190.5,190.5,191,191.5,192,192.5]"
RSPagl,"Retrosplenial area, lateral agranular part","[84,83,82.5,83,83.5,84,84.5,85,86,86.5,86.5,87,87.5,87.5,88,88.5,88.5,88.5,88.5,88.5,88.5,88.5,88.5,88.5,88.5,88.5,88.5,88.5,88.5,88.5,88.5,88,87.5,87.5,87.5,87.5,87.5,87.5,87.5,87,86.5,86.5,86.5,86.5,86.5,86.5,86.5,86.5,86.5,86.5,86.5,86.5,86.5,86.5,86.5,86.5,86.5,86.5,86.5,86.5,86.5,86.5,86.5,86.5,86.5,87,87.5,87.5,87.5,87.5,87.5,87.5,87.5,88,88.5,88.5,88.5,89,89.5,89.5,89.5,89.5,89.5,90,90.5,90.5,91,91.5,91.5,91.5,92,92.5,92.5,92.5,93,93.5,93.5,94,95,96,97,98,99,100,101,102,103,104,105,105.5,105,104.5,104,103.5,103,102.5,102,101.5,101.5,101,100.5,100,99.5,99.5,99,98.5,98.5,98,97.5,97,96.5,96.5,96.5,96,95.5,95.5,95.5,95.5,95,94.5,95,95.5,95,94.5,94.5,94.5,94.5,94.5,94,93.5,93.5,93.5,93.5,93.5,93.5,93.5,93.5,93.5,93.5,93.5,93.5,93.5,93.5,93.5,94,94.5,94,93.5,94,94.5,94.5,94.5,94.5,94.5,94.5,94.5,94.5,95,95.5,95.5,95.5,95.5,96,96.5,96.5,96.5,96.5,96.5,96.5,97,97.5,97.5,97.5,97.5,97.5,97.5,97.5,97.5,97.5,97,96.5,96,95.5,95,94.5,94,93.5,93,92.5,92,91.5,91,90.5,90,89,88.5,88,87,86.5,86,85,84.5,84]","[202.5,202.5,202,201.5,201,200.5,200,199.5,199.5,199,198,197.5,197,196,195.5,195,194,193,192,191,190,189,188,187,186,185,184,183,182,181,180,179.5,179,178,177,176,175,174,173,172.5,172,171,170,169,168,167,166,165,164,163,162,161,160,159,158,157,156,155,154,153,152,151,150,149,148,147.5,147,146,145,144,143,142,141,140.5,140,139,138,137.5,137,136,135,134,133,132.5,132,131,130.5,130,129,128,127.5,127,126,125,124.5,124,123,122.5,122.5,122.5,122.5,122.5,122.5,122.5,122.5,122.5,122.5,122.5,122.5,123,123.5,124,124.5,125,125.5,126,126.5,127,128,128.5,129,129.5,130,131,131.5,132,133,133.5,134,134.5,135,136,137,137.5,138,139,140,141,141.5,142,142.5,143,143.5,144,145,146,147,148,148.5,149,150,151,152,153,154,155,156,157,158,159,160,161,162,163,163.5,164,164.5,165,165.5,166,167,168,169,170,171,172,173,173.5,174,175,176,177,177.5,178,179,180,181,182,183,183.5,184,185,186,187,188,189,190,191,192,192.5,193,193.5,194,194.5,195,195.5,196,196.5,197,197.5,198,198.5,199,199.5,199.5,200,200.5,200.5,201,201.5,201.5,202,202.5]","[146,147,147.5,147,146.5,146,145.5,145,144,143.5,143.5,143,142.5,142.5,142,141.5,141.5,141.5,141.5,141.5,141.5,141.5,141.5,141.5,141.5,141.5,141.5,141.5,141.5,141.5,141.5,142,142.5,142.5,142.5,142.5,142.5,142.5,142.5,143,143.5,143.5,143.5,143.5,143.5,143.5,143.5,143.5,143.5,143.5,143.5,143.5,143.5,143.5,143.5,143.5,143.5,143.5,143.5,143.5,143.5,143.5,143.5,143.5,143.5,143,142.5,142.5,142.5,142.5,142.5,142.5,142.5,142,141.5,141.5,141.5,141,140.5,140.5,140.5,140.5,140.5,140,139.5,139.5,139,138.5,138.5,138.5,138,137.5,137.5,137.5,137,136.5,136.5,136,135,134,133,132,131,130,129,128,127,126,125,124.5,125,125.5,126,126.5,127,127.5,128,128.5,128.5,129,129.5,130,130.5,130.5,131,131.5,131.5,132,132.5,133,133.5,133.5,133.5,134,134.5,134.5,134.5,134.5,135,135.5,135,134.5,135,135.5,135.5,135.5,135.5,135.5,136,136.5,136.5,136.5,136.5,136.5,136.5,136.5,136.5,136.5,136.5,136.5,136.5,136.5,136.5,136.5,136,135.5,136,136.5,136,135.5,135.5,135.5,135.5,135.5,135.5,135.5,135.5,135,134.5,134.5,134.5,134.5,134,133.5,133.5,133.5,133.5,133.5,133.5,133,132.5,132.5,132.5,132.5,132.5,132.5,132.5,132.5,132.5,133,133.5,134,134.5,135,135.5,136,136.5,137,137.5,138,138.5,139,139.5,140,141,141.5,142,143,143.5,144,145,145.5,146]","[202.5,202.5,202,201.5,201,200.5,200,199.5,199.5,199,198,197.5,197,196,195.5,195,194,193,192,191,190,189,188,187,186,185,184,183,182,181,180,179.5,179,178,177,176,175,174,173,172.5,172,171,170,169,168,167,166,165,164,163,162,161,160,159,158,157,156,155,154,153,152,151,150,149,148,147.5,147,146,145,144,143,142,141,140.5,140,139,138,137.5,137,136,135,134,133,132.5,132,131,130.5,130,129,128,127.5,127,126,125,124.5,124,123,122.5,122.5,122.5,122.5,122.5,122.5,122.5,122.5,122.5,122.5,122.5,122.5,123,123.5,124,124.5,125,125.5,126,126.5,127,128,128.5,129,129.5,130,131,131.5,132,133,133.5,134,134.5,135,136,137,137.5,138,139,140,141,141.5,142,142.5,143,143.5,144,145,146,147,148,148.5,149,150,151,152,153,154,155,156,157,158,159,160,161,162,163,163.5,164,164.5,165,165.5,166,167,168,169,170,171,172,173,173.5,174,175,176,177,177.5,178,179,180,181,182,183,183.5,184,185,186,187,188,189,190,191,192,192.5,193,193.5,194,194.5,195,195.5,196,196.5,197,197.5,198,198.5,199,199.5,199.5,200,200.5,200.5,201,201.5,201.5,202,202.5]"
VISC,"Visceral area","[15,14.5,14.5,14.5,15,15.5,15.5,15.5,15]","[130.5,130,129,128,127.5,128,129,130,130.5]","[215,215.5,215.5,215.5,215,214.5,214.5,214.5,215]","[130.5,130,129,128,127.5,128,129,130,130.5]"
SSs,"Supplemental somatosensory area","[32,31.5,32,32.5,32]","[87.5,87,86.5,87,87.5]","[198,198.5,198,197.5,198]","[87.5,87,86.5,87,87.5]"
SSp-bfd,"Primary somatosensory area, barrel field","[39,38,37,36,35,34.5,34.5,34.5,34,33.5,33.5,33.5,33.5,33.5,33.5,33.5,33.5,33,32.5,32.5,32,31.5,31.5,31,30.5,30.5,30.5,30,29.5,29,28.5,29,29.5,29,28.5,28.5,28,27.5,27.5,27.5,27,26.5,26.5,26.5,26.5,26,25.5,25.5,25.5,25.5,26,26.5,27,28,28.5,29,30,30.5,31,32,32.5,33,34,34.5,35,36,37,37.5,38,39,39.5,40,41,41.5,42,43,43.5,44,45,45.5,46,47,48,48.5,49,49.5,50,51,51.5,52,52.5,52.5,53,53.5,54,54.5,54.5,55,55.5,55.5,56,56.5,57,57.5,57.5,57.5,58,58.5,58.5,58.5,59,59.5,59.5,59.5,59.5,59.5,59.5,59.5,59.5,59.5,59.5,59.5,59.5,59,58.5,58,57.5,57,56.5,56,55.5,55,54.5,54,53.5,53,52,51.5,51,50.5,50,49.5,49,48,47.5,47,46.5,46,45,44.5,44,43.5,43,42,41.5,41,40,39.5,39]","[157.5,157.5,157.5,157.5,157.5,157,156,155,154.5,154,153,152,151,150,149,148,147,146.5,146,145,144.5,144,143,142.5,142,141,140,139.5,139,138.5,138,137.5,137,136.5,136,135,134.5,134,133,132,131.5,131,130,129,128,127.5,127,126,125,124,123.5,123,122.5,122.5,122,121.5,121.5,121,120.5,120.5,120,119.5,119.5,119,118.5,118.5,118.5,118,117.5,117.5,117,116.5,116.5,116,115.5,115.5,115,114.5,114.5,114,113.5,113.5,113.5,114,114.5,115,115.5,115.5,116,116.5,117,118,118.5,119,119.5,120,121,121.5,122,123,123.5,124,124.5,125,126,127,127.5,128,129,130,130.5,131,132,133,134,135,136,137,138,139,140,141,142,142.5,143,143.5,144,144.5,145,145.5,146,146.5,147,147.5,148,148.5,148.5,149,149.5,150,150.5,151,151.5,151.5,152,152.5,153,153.5,153.5,154,154.5,155,155.5,155.5,156,156.5,156.5,157,157.5]","[191,192,193,194,195,195.5,195.5,195.5,196,196.5,196.5,196.5,196.5,196.5,196.5,196.5,196.5,197,197.5,197.5,198,198.5,198.5,199,199.5,199.5,199.5,200,200.5,201,201.5,201,200.5,201,201.5,201.5,202,202.5,202.5,202.5,203,203.5,203.5,203.5,203.5,204,204.5,204.5,204.5,204.5,204,203.5,203,202,201.5,201,200,199.5,199,198,197.5,197,196,195.5,195,194,193,192.5,192,191,190.5,190,189,188.5,188,187,186.5,186,185,184.5,184,183,182,181.5,181,180.5,180,179,178.5,178,177.5,177.5,177,176.5,176,175.5,175.5,175,174.5,174.5,174,173.5,173,172.5,172.5,172.5,172,171.5,171.5,171.5,171,170.5,170.5,170.5,170.5,170.5,170.5,170.5,170.5,170.5,170.5,170.5,170.5,171,171.5,172,172.5,173,173.5,174,174.5,175,175.5,176,176.5,177,178,178.5,179,179.5,180,180.5,181,182,182.5,183,183.5,184,185,185.5,186,186.5,187,188,188.5,189,190,190.5,191]","[157.5,157.5,157.5,157.5,157.5,157,156,155,154.5,154,153,152,151,150,149,148,147,146.5,146,145,144.5,144,143,142.5,142,141,140,139.5,139,138.5,138,137.5,137,136.5,136,135,134.5,134,133,132,131.5,131,130,129,128,127.5,127,126,125,124,123.5,123,122.5,122.5,122,121.5,121.5,121,120.5,120.5,120,119.5,119.5,119,118.5,118.5,118.5,118,117.5,117.5,117,116.5,116.5,116,115.5,115.5,115,114.5,114.5,114,113.5,113.5,113.5,114,114.5,115,115.5,115.5,116,116.5,117,118,118.5,119,119.5,120,121,121.5,122,123,123.5,124,124.5,125,126,127,127.5,128,129,130,130.5,131,132,133,134,135,136,137,138,139,140,141,142,142.5,143,143.5,144,144.5,145,145.5,146,146.5,147,147.5,148,148.5,148.5,149,149.5,150,150.5,151,151.5,151.5,152,152.5,153,153.5,153.5,154,154.5,155,155.5,155.5,156,156.5,156.5,157,157.5]"
SSp-tr,"Primary somatosensory area, trunk","[60,59.5,59.5,59.5,59.5,59.5,59.5,59.5,60,60.5,61,62,62.5,63,64,64.5,65,66,67,67.5,68,69,69.5,70,71,72,73,73.5,74,75,75.5,76,77,78,78.5,79,80,81,81.5,82,83,83.5,84,85,86,86.5,87,88,88.5,89,90,90.5,91,92,92.5,93,93.5,93.5,93,92.5,92.5,92.5,92,91.5,91.5,91.5,91,90.5,90.5,90,89.5,89.5,89,88,87.5,87,86,85,84.5,84,83,82,81,80,79.5,79,78,77,76,75,74.5,74,73,72,71,70,69.5,69,68,67,66,65,64.5,64,63,62,61,60.5,60]","[141.5,141,140,139,138,137,136,135,134.5,134,133.5,133.5,133,132.5,132.5,132,131.5,131.5,131.5,131,130.5,130.5,130,129.5,129.5,129.5,129.5,129,128.5,128.5,128,127.5,127.5,127.5,127,126.5,126.5,126.5,126,125.5,125.5,125,124.5,124.5,124.5,124,123.5,123.5,123,122.5,122.5,122,121.5,121.5,122,122.5,123,124,124.5,125,126,127,127.5,128,129,130,130.5,131,132,132.5,133,134,134.5,134.5,135,135.5,135.5,135.5,136,136.5,136.5,136.5,136.5,136.5,137,137.5,137.5,137.5,137.5,137.5,138,138.5,138.5,138.5,138.5,138.5,139,139.5,139.5,139.5,139.5,139.5,140,140.5,140.5,140.5,140.5,141,141.5]","[170,170.5,170.5,170.5,170.5,170.5,170.5,170.5,170,169.5,169,168,167.5,167,166,165.5,165,164,163,162.5,162,161,160.5,160,159,158,157,156.5,156,155,154.5,154,153,152,151.5,151,150,149,148.5,148,147,146.5,146,145,144,143.5,143,142,141.5,141,140,139.5,139,138,137.5,137,136.5,136.5,137,137.5,137.5,137.5,138,138.5,138.5,138.5,139,139.5,139.5,140,140.5,140.5,141,142,142.5,143,144,145,145.5,146,147,148,149,150,150.5,151,152,153,154,155,155.5,156,157,158,159,160,160.5,161,162,163,164,165,165.5,166,167,168,169,169.5,170]","[141.5,141,140,139,138,137,136,135,134.5,134,133.5,133.5,133,132.5,132.5,132,131.5,131.5,131.5,131,130.5,130.5,130,129.5,129.5,129.5,129.5,129,128.5,128.5,128,127.5,127.5,127.5,127,126.5,126.5,126.5,126,125.5,125.5,125,124.5,124.5,124.5,124,123.5,123.5,123,122.5,122.5,122,121.5,121.5,122,122.5,123,124,124.5,125,126,127,127.5,128,129,130,130.5,131,132,132.5,133,134,134.5,134.5,135,135.5,135.5,135.5,136,136.5,136.5,136.5,136.5,136.5,137,137.5,137.5,137.5,137.5,137.5,138,138.5,138.5,138.5,138.5,138.5,139,139.5,139.5,139.5,139.5,139.5,140,140.5,140.5,140.5,140.5,141,141.5]"
SSp-ll,"Primary somatosensory area, lower limb","[73,72,71,70.5,70.5,70,69.5,69.5,69,68.5,68.5,68,67.5,67.5,67.5,67,66.5,66.5,66.5,66.5,66.5,67,67.5,67.5,68,68.5,68.5,69,69.5,69.5,70,70.5,70.5,71,71.5,71.5,71.5,71.5,71.5,71.5,71.5,71,70.5,71,72,72.5,73,73.5,74,74.5,75,75.5,76,76.5,77,77.5,78,78.5,79,79.5,80,80.5,81,82,82.5,82.5,83,84,84.5,85,85.5,86,86.5,87,87.5,88,88.5,89,89.5,90,90.5,90.5,91,91.5,91.5,91.5,91,90.5,90,89,88.5,88,87,86.5,86,85,84,83.5,83,82,81.5,81,80,79,78.5,78,77,76,75.5,75,74,73.5,73]","[129.5,129.5,129.5,129,128,127.5,127,126,125.5,125,124,123.5,123,122,121,120.5,120,119,118,117,116,115.5,115,114,113.5,113,112,111.5,111,110,109.5,109,108,107.5,107,106,105,104,103,102,101,100.5,100,99.5,99.5,100,100.5,101,101.5,102,102.5,103,103.5,104,104.5,105,105.5,106,106.5,107,107.5,108,108.5,108.5,109,110,110.5,110.5,111,111.5,112,112.5,113,113.5,114,114.5,115,115.5,116,116.5,117,118,118.5,119,120,121,121.5,122,122.5,122.5,123,123.5,123.5,124,124.5,124.5,124.5,125,125.5,125.5,126,126.5,126.5,126.5,127,127.5,127.5,127.5,128,128.5,128.5,129,129.5]","[157,158,159,159.5,159.5,160,160.5,160.5,161,161.5,161.5,162,162.5,162.5,162.5,163,163.5,163.5,163.5,163.5,163.5,163,162.5,162.5,162,161.5,161.5,161,160.5,160.5,160,159.5,159.5,159,158.5,158.5,158.5,158.5,158.5,158.5,158.5,159,159.5,159,158,157.5,157,156.5,156,155.5,155,154.5,154,153.5,153,152.5,152,151.5,151,150.5,150,149.5,149,148,147.5,147.5,147,146,145.5,145,144.5,144,143.5,143,142.5,142,141.5,141,140.5,140,139.5,139.5,139,138.5,138.5,138.5,139,139.5,140,141,141.5,142,143,143.5,144,145,146,146.5,147,148,148.5,149,150,151,151.5,152,153,154,154.5,155,156,156.5,157]","[129.5,129.5,129.5,129,128,127.5,127,126,125.5,125,124,123.5,123,122,121,120.5,120,119,118,117,116,115.5,115,114,113.5,113,112,111.5,111,110,109.5,109,108,107.5,107,106,105,104,103,102,101,100.5,100,99.5,99.5,100,100.5,101,101.5,102,102.5,103,103.5,104,104.5,105,105.5,106,106.5,107,107.5,108,108.5,108.5,109,110,110.5,110.5,111,111.5,112,112.5,113,113.5,114,114.5,115,115.5,116,116.5,117,118,118.5,119,120,121,121.5,122,122.5,122.5,123,123.5,123.5,124,124.5,124.5,124.5,125,125.5,125.5,126,126.5,126.5,126.5,127,127.5,127.5,127.5,128,128.5,128.5,129,129.5]"
SSp-ul,"Primary somatosensory area, upper limb","[67,66,65,64.5,64,63.5,63.5,63,62.5,62.5,62,61.5,61.5,61,60.5,60.5,60,59.5,59.5,59,58.5,58.5,58,57.5,57.5,57,56.5,56.5,56,55.5,55.5,55,54.5,54.5,54.5,54,53.5,53.5,53.5,53,52.5,52.5,52.5,52.5,52.5,52.5,52,51.5,51.5,51.5,51.5,51.5,51.5,51.5,51.5,52,52.5,52.5,52.5,52.5,52.5,53,53.5,53.5,53.5,53.5,54,54.5,55,55.5,56,57,57.5,58,58.5,59,59.5,60,61,61.5,62,62.5,63,63.5,64,64.5,65,65.5,66,66.5,67,67.5,68,68.5,69,69.5,70,70.5,71,71.5,71,70.5,71,71.5,71.5,71.5,71.5,71.5,71.5,71.5,71,70.5,70.5,70,69.5,69.5,69,68.5,68.5,68,67.5,67.5,67,66.5,66.5,66.5,66.5,66.5,67,67.5,67.5,67.5,68,68.5,68.5,69,69.5,69.5,70,70.5,70.5,70,69.5,69,68,67.5,67]","[131.5,131.5,131.5,131,130.5,130,129,128.5,128,127,126.5,126,125,124.5,124,123,122.5,122,121,120.5,120,119,118.5,118,117,116.5,116,115,114.5,114,113,112.5,112,111,110,109.5,109,108,107,106.5,106,105,104,103,102,101,100.5,100,99,98,97,96,95,94,93,92.5,92,91,90,89,88,87.5,87,86,85,84,83.5,84,84.5,85,85.5,85.5,86,86.5,87,87.5,88,88.5,88.5,89,89.5,90,90.5,91,91.5,92,92.5,93,93.5,94,94.5,95,95.5,96,96.5,97,97.5,98,98.5,99,99.5,100,100.5,101,102,103,104,105,106,107,107.5,108,109,109.5,110,111,111.5,112,113,113.5,114,115,115.5,116,117,118,119,120,120.5,121,122,123,123.5,124,125,125.5,126,127,127.5,128,129,129.5,130,130.5,130.5,131,131.5]","[163,164,165,165.5,166,166.5,166.5,167,167.5,167.5,168,168.5,168.5,169,169.5,169.5,170,170.5,170.5,171,171.5,171.5,172,172.5,172.5,173,173.5,173.5,174,174.5,174.5,175,175.5,175.5,175.5,176,176.5,176.5,176.5,177,177.5,177.5,177.5,177.5,177.5,177.5,178,178.5,178.5,178.5,178.5,178.5,178.5,178.5,178.5,178,177.5,177.5,177.5,177.5,177.5,177,176.5,176.5,176.5,176.5,176,175.5,175,174.5,174,173,172.5,172,171.5,171,170.5,170,169,168.5,168,167.5,167,166.5,166,165.5,165,164.5,164,163.5,163,162.5,162,161.5,161,160.5,160,159.5,159,158.5,159,159.5,159,158.5,158.5,158.5,158.5,158.5,158.5,158.5,159,159.5,159.5,160,160.5,160.5,161,161.5,161.5,162,162.5,162.5,163,163.5,163.5,163.5,163.5,163.5,163,162.5,162.5,162.5,162,161.5,161.5,161,160.5,160.5,160,159.5,159.5,160,160.5,161,162,162.5,163]","[131.5,131.5,131.5,131,130.5,130,129,128.5,128,127,126.5,126,125,124.5,124,123,122.5,122,121,120.5,120,119,118.5,118,117,116.5,116,115,114.5,114,113,112.5,112,111,110,109.5,109,108,107,106.5,106,105,104,103,102,101,100.5,100,99,98,97,96,95,94,93,92.5,92,91,90,89,88,87.5,87,86,85,84,83.5,84,84.5,85,85.5,85.5,86,86.5,87,87.5,88,88.5,88.5,89,89.5,90,90.5,91,91.5,92,92.5,93,93.5,94,94.5,95,95.5,96,96.5,97,97.5,98,98.5,99,99.5,100,100.5,101,102,103,104,105,106,107,107.5,108,109,109.5,110,111,111.5,112,113,113.5,114,115,115.5,116,117,118,119,120,120.5,121,122,123,123.5,124,125,125.5,126,127,127.5,128,129,129.5,130,130.5,130.5,131,131.5]"
TEa,"Temporal association areas","[19,18,17.5,17.5,17,16.5,16,15.5,15.5,15.5,15,14.5,14.5,14.5,14,13.5,13.5,13.5,13.5,14,14.5,15,16,17,18,19,19.5,20,21,21.5,22,22.5,23,23.5,24,25,25.5,26,26.5,27,28,28.5,29,29.5,29.5,29.5,29,28.5,29,29.5,29.5,29,28.5,29,29.5,29,28.5,28.5,28.5,29,29.5,29.5,29.5,29,28,27.5,27,26,25.5,25,24,23.5,23,22,21.5,21,20,19.5,19]","[190.5,190.5,190,189,188.5,188,187.5,187,186,185,184.5,184,183,182,181.5,181,180,179,178,177.5,178,178.5,178.5,178.5,178.5,178.5,178,177.5,177.5,177,176.5,176,175.5,175,174.5,174.5,174,173.5,173,172.5,172.5,172,171.5,172,173,174,174.5,175,175.5,176,177,177.5,178,178.5,179,179.5,180,181,182,182.5,183,184,185,185.5,185.5,186,186.5,186.5,187,187.5,187.5,188,188.5,188.5,189,189.5,189.5,190,190.5]","[211,212,212.5,212.5,213,213.5,214,214.5,214.5,214.5,215,215.5,215.5,215.5,216,216.5,216.5,216.5,216.5,216,215.5,215,214,213,212,211,210.5,210,209,208.5,208,207.5,207,206.5,206,205,204.5,204,203.5,203,202,201.5,201,200.5,200.5,200.5,201,201.5,201,200.5,200.5,201,201.5,201,200.5,201,201.5,201.5,201.5,201,200.5,200.5,200.5,201,202,202.5,203,204,204.5,205,206,206.5,207,208,208.5,209,210,210.5,211]","[190.5,190.5,190,189,188.5,188,187.5,187,186,185,184.5,184,183,182,181.5,181,180,179,178,177.5,178,178.5,178.5,178.5,178.5,178.5,178,177.5,177.5,177,176.5,176,175.5,175,174.5,174.5,174,173.5,173,172.5,172.5,172,171.5,172,173,174,174.5,175,175.5,176,177,177.5,178,178.5,179,179.5,180,181,182,182.5,183,184,185,185.5,185.5,186,186.5,186.5,187,187.5,187.5,188,188.5,188.5,189,189.5,189.5,190,190.5]"
AUDd,"Dorsal auditory area","[30,29.5,29,28,27.5,27,26.5,26,25,24.5,24,23.5,23,22.5,22.5,22,21.5,21.5,21.5,21,20.5,20.5,20.5,20,19.5,19.5,19,18.5,18.5,18,17.5,17,16.5,16,15.5,15.5,16,16.5,16.5,16.5,16.5,16.5,17,18,18.5,19,19.5,20,20.5,21,21.5,21.5,22,22.5,23,23.5,24,24.5,24.5,25,25.5,25.5,26,26.5,26.5,27,27.5,27.5,28,28.5,28.5,29,29.5,30,30.5,31,31.5,32,32.5,32.5,32,31.5,31.5,31,30.5,30.5,30]","[164.5,164,163.5,163.5,163,162.5,162,161.5,161.5,161,160.5,160,159.5,159,158,157.5,157,156,155,154.5,154,153,152,151.5,151,150,149.5,149,148,147.5,147,146.5,146,145.5,145,144,143.5,143,142,141,140,139,138.5,138.5,139,139.5,140,140.5,141,141.5,142,143,143.5,144,144.5,145,145.5,146,147,147.5,148,149,149.5,150,151,151.5,152,153,153.5,154,155,155.5,156,156.5,157,157.5,158,158.5,159,160,160.5,161,162,162.5,163,164,164.5]","[200,200.5,201,202,202.5,203,203.5,204,205,205.5,206,206.5,207,207.5,207.5,208,208.5,208.5,208.5,209,209.5,209.5,209.5,210,210.5,210.5,211,211.5,211.5,212,212.5,213,213.5,214,214.5,214.5,214,213.5,213.5,213.5,213.5,213.5,213,212,211.5,211,210.5,210,209.5,209,208.5,208.5,208,207.5,207,206.5,206,205.5,205.5,205,204.5,204.5,204,203.5,203.5,203,202.5,202.5,202,201.5,201.5,201,200.5,200,199.5,199,198.5,198,197.5,197.5,198,198.5,198.5,199,199.5,199.5,200]","[164.5,164,163.5,163.5,163,162.5,162,161.5,161.5,161,160.5,160,159.5,159,158,157.5,157,156,155,154.5,154,153,152,151.5,151,150,149.5,149,148,147.5,147,146.5,146,145.5,145,144,143.5,143,142,141,140,139,138.5,138.5,139,139.5,140,140.5,141,141.5,142,143,143.5,144,144.5,145,145.5,146,147,147.5,148,149,149.5,150,151,151.5,152,153,153.5,154,155,155.5,156,156.5,157,157.5,158,158.5,159,160,160.5,161,162,162.5,163,164,164.5]"
AUDp,"Primary auditory area","[18,17,16.5,16,15.5,15.5,15,14.5,14.5,14.5,14,13.5,13.5,13.5,13.5,13,12.5,12.5,12.5,12.5,12.5,12.5,12.5,12.5,12.5,12.5,12.5,12.5,12.5,12.5,12.5,12.5,13,13.5,13.5,14,14.5,15,16,16.5,17,17.5,18,18.5,18.5,19,19.5,19.5,20,20.5,20.5,20.5,21,21.5,21.5,21.5,22,22.5,22.5,22.5,23,23.5,23.5,23.5,23.5,23.5,23.5,23,22.5,22.5,22.5,22,21.5,21.5,21,20.5,20,19.5,19,18.5,18]","[174.5,174.5,174,173.5,173,172,171.5,171,170,169,168.5,168,167,166,165,164.5,164,163,162,161,160,159,158,157,156,155,154,153,152,151,150,149,148.5,148,147,146.5,146,145.5,145.5,146,146.5,147,147.5,148,149,149.5,150,151,151.5,152,153,154,154.5,155,156,157,157.5,158,159,160,160.5,161,162,163,164,165,166,166.5,167,168,169,169.5,170,171,171.5,172,172.5,173,173.5,174,174.5]","[212,213,213.5,214,214.5,214.5,215,215.5,215.5,215.5,216,216.5,216.5,216.5,216.5,217,217.5,217.5,217.5,217.5,217.5,217.5,217.5,217.5,217.5,217.5,217.5,217.5,217.5,217.5,217.5,217.5,217,216.5,216.5,216,215.5,215,214,213.5,213,212.5,212,211.5,211.5,211,210.5,210.5,210,209.5,209.5,209.5,209,208.5,208.5,208.5,208,207.5,207.5,207.5,207,206.5,206.5,206.5,206.5,206.5,206.5,207,207.5,207.5,207.5,208,208.5,208.5,209,209.5,210,210.5,211,211.5,212]","[174.5,174.5,174,173.5,173,172,171.5,171,170,169,168.5,168,167,166,165,164.5,164,163,162,161,160,159,158,157,156,155,154,153,152,151,150,149,148.5,148,147,146.5,146,145.5,145.5,146,146.5,147,147.5,148,149,149.5,150,151,151.5,152,153,154,154.5,155,156,157,157.5,158,159,160,160.5,161,162,163,164,165,166,166.5,167,168,169,169.5,170,171,171.5,172,172.5,173,173.5,174,174.5]"
AUDpo,"Posterior auditory area","[23,22.5,23,23.5,23]","[160.5,160,159.5,160,160.5]","[207,207.5,207,206.5,207]","[160.5,160,159.5,160,160.5]"
AUDv,"Ventral auditory area","[16,15,14.5,14,13.5,13.5,13.5,13,12.5,12.5,12.5,12.5,12.5,12.5,12,11.5,11.5,11.5,11.5,11.5,11.5,11.5,11.5,11.5,11.5,11.5,11.5,11.5,11.5,11.5,11.5,11.5,11.5,11.5,11.5,11.5,12,12.5,12.5,12.5,12.5,12.5,12.5,13,13.5,13.5,14,15,15.5,16,16.5,16.5,16.5,16.5,16.5,16,15.5,15.5,15,14.5,14,13.5,13.5,13,12.5,12.5,12.5,12.5,12.5,12.5,12.5,12.5,12.5,12.5,12.5,12.5,12.5,12.5,12.5,12.5,13,13.5,13.5,13.5,13.5,14,14.5,14.5,14.5,15,15.5,15.5,16,16.5,17,17.5,17.5,17.5,17,16.5,16]","[178.5,178.5,178,177.5,177,176,175,174.5,174,173,172,171,170,169,168.5,168,167,166,165,164,163,162,161,160,159,158,157,156,155,154,153,152,151,150,149,148,147.5,147,146,145,144,143,142,141.5,141,140,139.5,139.5,139,138.5,139,140,141,142,143,143.5,144,145,145.5,146,146.5,147,148,148.5,149,150,151,152,153,154,155,156,157,158,159,160,161,162,163,164,164.5,165,166,167,168,168.5,169,170,171,171.5,172,173,173.5,174,174.5,175,176,177,177.5,178,178.5]","[214,215,215.5,216,216.5,216.5,216.5,217,217.5,217.5,217.5,217.5,217.5,217.5,218,218.5,218.5,218.5,218.5,218.5,218.5,218.5,218.5,218.5,218.5,218.5,218.5,218.5,218.5,218.5,218.5,218.5,218.5,218.5,218.5,218.5,218,217.5,217.5,217.5,217.5,217.5,217.5,217,216.5,216.5,216,215,214.5,214,213.5,213.5,213.5,213.5,213.5,214,214.5,214.5,215,215.5,216,216.5,216.5,217,217.5,217.5,217.5,217.5,217.5,217.5,217.5,217.5,217.5,217.5,217.5,217.5,217.5,217.5,217.5,217.5,217,216.5,216.5,216.5,216.5,216,215.5,215.5,215.5,215,214.5,214.5,214,213.5,213,212.5,212.5,212.5,213,213.5,214]","[178.5,178.5,178,177.5,177,176,175,174.5,174,173,172,171,170,169,168.5,168,167,166,165,164,163,162,161,160,159,158,157,156,155,154,153,152,151,150,149,148,147.5,147,146,145,144,143,142,141.5,141,140,139.5,139.5,139,138.5,139,140,141,142,143,143.5,144,145,145.5,146,146.5,147,148,148.5,149,150,151,152,153,154,155,156,157,158,159,160,161,162,163,164,164.5,165,166,167,168,168.5,169,170,171,171.5,172,173,173.5,174,174.5,175,176,177,177.5,178,178.5]"
VISli,"Laterointermediate area","[34,33.5,33,32.5,32,31,30,29.5,29.5,29.5,29.5,29.5,29.5,29.5,29.5,29.5,29.5,29.5,29,28.5,28.5,28.5,29,29.5,29,28.5,29,29.5,29.5,29,28.5,29,29.5,30,31,32,33,33.5,33.5,33,32.5,33,33.5,33.5,33,32.5,33,33.5,33.5,33.5,33.5,33.5,33.5,33.5,33.5,33.5,33.5,34,34.5,34,33.5,34,34.5,34.5,34.5,34.5,34]","[195.5,195,194.5,194,193.5,193.5,193.5,193,192,191,190,189,188,187,186,185,184,183,182.5,182,181,180,179.5,179,178.5,178,177.5,177,176,175.5,175,174.5,174,173.5,173.5,173.5,173.5,174,175,175.5,176,176.5,177,178,178.5,179,179.5,180,181,182,183,184,185,186,187,188,189,189.5,190,190.5,191,191.5,192,193,194,195,195.5]","[196,196.5,197,197.5,198,199,200,200.5,200.5,200.5,200.5,200.5,200.5,200.5,200.5,200.5,200.5,200.5,201,201.5,201.5,201.5,201,200.5,201,201.5,201,200.5,200.5,201,201.5,201,200.5,200,199,198,197,196.5,196.5,197,197.5,197,196.5,196.5,197,197.5,197,196.5,196.5,196.5,196.5,196.5,196.5,196.5,196.5,196.5,196.5,196,195.5,196,196.5,196,195.5,195.5,195.5,195.5,196]","[195.5,195,194.5,194,193.5,193.5,193.5,193,192,191,190,189,188,187,186,185,184,183,182.5,182,181,180,179.5,179,178.5,178,177.5,177,176,175.5,175,174.5,174,173.5,173.5,173.5,173.5,174,175,175.5,176,176.5,177,178,178.5,179,179.5,180,181,182,183,184,185,186,187,188,189,189.5,190,190.5,191,191.5,192,193,194,195,195.5]"
VISpor,"Postrhinal area","[37,36.5,36,35,34,33.5,33,32,31,30.5,30,29.5,29,28.5,28,27.5,27,26.5,26,25.5,25,24.5,24,23.5,23.5,23,22.5,22,21.5,21,20.5,20,19.5,19,18.5,18.5,19,19.5,20,21,21.5,22,23,23.5,24,25,25.5,26,27,27.5,28,29,29.5,29.5,29.5,29.5,29.5,29.5,29.5,29.5,30,31,32,32.5,33,33.5,34,35,35.5,35.5,36,36.5,36.5,36,35.5,35.5,35.5,35.5,36,36.5,36.5,37,37.5,37.5,37]","[207.5,207,206.5,206.5,206.5,206,205.5,205.5,205.5,205,204.5,204,203.5,203,202.5,202,201.5,201,200.5,200,199.5,199,198.5,198,197,196.5,196,195.5,195,194.5,194,193.5,193,192.5,192,191,190.5,190,189.5,189.5,189,188.5,188.5,188,187.5,187.5,187,186.5,186.5,186,185.5,185.5,186,187,188,189,190,191,192,193,193.5,193.5,193.5,194,194.5,195,195.5,195.5,196,197,197.5,198,199,199.5,200,201,202,203,203.5,204,205,205.5,206,207,207.5]","[193,193.5,194,195,196,196.5,197,198,199,199.5,200,200.5,201,201.5,202,202.5,203,203.5,204,204.5,205,205.5,206,206.5,206.5,207,207.5,208,208.5,209,209.5,210,210.5,211,211.5,211.5,211,210.5,210,209,208.5,208,207,206.5,206,205,204.5,204,203,202.5,202,201,200.5,200.5,200.5,200.5,200.5,200.5,200.5,200.5,200,199,198,197.5,197,196.5,196,195,194.5,194.5,194,193.5,193.5,194,194.5,194.5,194.5,194.5,194,193.5,193.5,193,192.5,192.5,193]","[207.5,207,206.5,206.5,206.5,206,205.5,205.5,205.5,205,204.5,204,203.5,203,202.5,202,201.5,201,200.5,200,199.5,199,198.5,198,197,196.5,196,195.5,195,194.5,194,193.5,193,192.5,192,191,190.5,190,189.5,189.5,189,188.5,188.5,188,187.5,187.5,187,186.5,186.5,186,185.5,185.5,186,187,188,189,190,191,192,193,193.5,193.5,193.5,194,194.5,195,195.5,195.5,196,197,197.5,198,199,199.5,200,201,202,203,203.5,204,205,205.5,206,207,207.5]"
VISpl,"Posterolateral visual area","[36,35.5,36,36.5,36]","[197.5,197,196.5,197,197.5]","[194,194.5,194,193.5,194]","[197.5,197,196.5,197,197.5]"
VISpm,"posteromedial visual area","[88,87.5,87,86.5,86.5,86,85.5,85.5,85,84.5,84.5,84,83.5,83,82.5,82.5,82,81.5,81.5,81,80.5,80,79.5,79.5,79,78.5,78.5,78,77.5,77.5,77,76.5,76.5,76,75.5,75,74.5,74.5,74,73.5,73.5,73,72.5,72,71.5,71.5,71,70.5,70,69.5,69.5,69,68.5,68.5,68,67.5,67,66.5,67,68,69,70,70.5,71,72,73,73.5,74,75,76,76.5,77,78,78.5,79,80,80.5,81,82,82.5,83,84,84.5,85,86,86.5,86.5,86.5,86.5,86.5,86.5,86.5,86.5,86.5,87,87.5,87.5,87.5,87.5,87.5,87.5,87.5,88,88.5,88.5,88.5,88.5,88.5,88.5,88.5,88.5,88.5,88.5,88.5,88.5,88.5,88]","[192.5,192,191.5,191,190,189.5,189,188,187.5,187,186,185.5,185,184.5,184,183,182.5,182,181,180.5,180,179.5,179,178,177.5,177,176,175.5,175,174,173.5,173,172,171.5,171,170.5,170,169,168.5,168,167,166.5,166,165.5,165,164,163.5,163,162.5,162,161,160.5,160,159,158.5,158,157.5,157,156.5,156.5,156.5,156.5,157,157.5,157.5,157.5,158,158.5,158.5,158.5,159,159.5,159.5,160,160.5,160.5,161,161.5,161.5,162,162.5,162.5,163,163.5,163.5,164,165,166,167,168,169,170,171,172,172.5,173,174,175,176,177,178,179,179.5,180,181,182,183,184,185,186,187,188,189,190,191,192,192.5]","[142,142.5,143,143.5,143.5,144,144.5,144.5,145,145.5,145.5,146,146.5,147,147.5,147.5,148,148.5,148.5,149,149.5,150,150.5,150.5,151,151.5,151.5,152,152.5,152.5,153,153.5,153.5,154,154.5,155,155.5,155.5,156,156.5,156.5,157,157.5,158,158.5,158.5,159,159.5,160,160.5,160.5,161,161.5,161.5,162,162.5,163,163.5,163,162,161,160,159.5,159,158,157,156.5,156,155,154,153.5,153,152,151.5,151,150,149.5,149,148,147.5,147,146,145.5,145,144,143.5,143.5,143.5,143.5,143.5,143.5,143.5,143.5,143.5,143,142.5,142.5,142.5,142.5,142.5,142.5,142.5,142,141.5,141.5,141.5,141.5,141.5,141.5,141.5,141.5,141.5,141.5,141.5,141.5,141.5,142]","[192.5,192,191.5,191,190,189.5,189,188,187.5,187,186,185.5,185,184.5,184,183,182.5,182,181,180.5,180,179.5,179,178,177.5,177,176,175.5,175,174,173.5,173,172,171.5,171,170.5,170,169,168.5,168,167,166.5,166,165.5,165,164,163.5,163,162.5,162,161,160.5,160,159,158.5,158,157.5,157,156.5,156.5,156.5,156.5,157,157.5,157.5,157.5,158,158.5,158.5,158.5,159,159.5,159.5,160,160.5,160.5,161,161.5,161.5,162,162.5,162.5,163,163.5,163.5,164,165,166,167,168,169,170,171,172,172.5,173,174,175,176,177,178,179,179.5,180,181,182,183,184,185,186,187,188,189,190,191,192,192.5]"
VISl,"Lateral visual area","[43,42.5,42,41,40.5,40,39.5,39,38.5,38,37,36.5,36,35.5,35,34.5,34.5,34.5,34.5,34,33.5,34,34.5,34,33.5,33.5,33.5,33.5,33.5,33.5,33.5,33.5,33.5,33.5,33,32.5,33,33.5,33.5,33,32.5,33,33.5,33.5,34,35,35.5,36,37,38,39,40,40.5,41,42,43,43.5,43.5,43.5,43.5,43,42.5,42.5,42.5,42.5,42.5,42.5,42.5,42.5,42,41.5,42,42.5,42,41.5,42,42.5,42,41.5,42,42.5,42,41.5,42,42.5,42.5,42.5,42.5,43,43.5,43,42.5,42.5,43,43.5,43.5,43.5,43.5,43]","[201.5,201,200.5,200.5,200,199.5,199,198.5,198,197.5,197.5,197,196.5,196,195.5,195,194,193,192,191.5,191,190.5,190,189.5,189,188,187,186,185,184,183,182,181,180,179.5,179,178.5,178,177,176.5,176,175.5,175,174,173.5,173.5,173,172.5,172.5,172.5,172.5,172.5,172,171.5,171.5,171.5,172,173,174,175,175.5,176,177,178,179,180,181,182,183,183.5,184,184.5,185,185.5,186,186.5,187,187.5,188,188.5,189,189.5,190,190.5,191,192,193,194,194.5,195,195.5,196,197,197.5,198,199,200,201,201.5]","[187,187.5,188,189,189.5,190,190.5,191,191.5,192,193,193.5,194,194.5,195,195.5,195.5,195.5,195.5,196,196.5,196,195.5,196,196.5,196.5,196.5,196.5,196.5,196.5,196.5,196.5,196.5,196.5,197,197.5,197,196.5,196.5,197,197.5,197,196.5,196.5,196,195,194.5,194,193,192,191,190,189.5,189,188,187,186.5,186.5,186.5,186.5,187,187.5,187.5,187.5,187.5,187.5,187.5,187.5,187.5,188,188.5,188,187.5,188,188.5,188,187.5,188,188.5,188,187.5,188,188.5,188,187.5,187.5,187.5,187.5,187,186.5,187,187.5,187.5,187,186.5,186.5,186.5,186.5,187]","[201.5,201,200.5,200.5,200,199.5,199,198.5,198,197.5,197.5,197,196.5,196,195.5,195,194,193,192,191.5,191,190.5,190,189.5,189,188,187,186,185,184,183,182,181,180,179.5,179,178.5,178,177,176.5,176,175.5,175,174,173.5,173.5,173,172.5,172.5,172.5,172.5,172.5,172,171.5,171.5,171.5,172,173,174,175,175.5,176,177,178,179,180,181,182,183,183.5,184,184.5,185,185.5,186,186.5,187,187.5,188,188.5,189,189.5,190,190.5,191,192,193,194,194.5,195,195.5,196,197,197.5,198,199,200,201,201.5]"
VISal,"Anterolateral visual area","[35,34,33,32,31,30,29.5,29.5,29.5,29.5,29.5,29.5,29.5,30,30.5,30.5,30.5,30.5,31,31.5,31.5,32,32.5,32.5,33,33.5,34,35,36,36.5,37,38,38.5,38.5,39,39.5,39.5,40,40.5,41,41.5,41.5,42,42.5,43,43.5,43.5,44,44.5,44.5,44.5,44,43,42,41,40.5,40,39,38,37,36,35.5,35]","[173.5,173.5,173.5,173.5,173.5,173.5,173,172,171,170,169,168,167,166.5,166,165,164,163,162.5,162,161,160.5,160,159,158.5,158,157.5,157.5,157.5,158,158.5,158.5,159,160,160.5,161,162,162.5,163,163.5,164,165,165.5,166,166.5,167,168,168.5,169,170,171,171.5,171.5,171.5,171.5,172,172.5,172.5,172.5,172.5,172.5,173,173.5]","[195,196,197,198,199,200,200.5,200.5,200.5,200.5,200.5,200.5,200.5,200,199.5,199.5,199.5,199.5,199,198.5,198.5,198,197.5,197.5,197,196.5,196,195,194,193.5,193,192,191.5,191.5,191,190.5,190.5,190,189.5,189,188.5,188.5,188,187.5,187,186.5,186.5,186,185.5,185.5,185.5,186,187,188,189,189.5,190,191,192,193,194,194.5,195]","[173.5,173.5,173.5,173.5,173.5,173.5,173,172,171,170,169,168,167,166.5,166,165,164,163,162.5,162,161,160.5,160,159,158.5,158,157.5,157.5,157.5,158,158.5,158.5,159,160,160.5,161,162,162.5,163,163.5,164,165,165.5,166,166.5,167,168,168.5,169,170,171,171.5,171.5,171.5,171.5,172,172.5,172.5,172.5,172.5,172.5,173,173.5]"
VISrl,"Rostrolateral visual area","[45,44,43.5,43.5,43,42.5,42,41.5,41.5,41,40.5,40,39.5,39.5,39,38.5,38.5,38,37,36.5,37,38,39,39.5,40,41,41.5,42,43,43.5,44,44.5,45,46,46.5,47,47.5,48,49,49.5,50,50.5,51,51.5,52,53,53.5,54,54.5,55,55.5,56,56.5,57,57.5,58,58.5,58.5,58.5,59,59.5,59.5,59.5,59.5,59.5,59.5,60,60.5,60.5,60,59.5,59,58,57.5,57,56.5,56,55.5,55,54,53.5,53,52.5,52,51.5,51,50.5,50,49.5,49,48.5,48.5,48,47,46.5,46.5,46,45.5,45]","[168.5,168.5,168,167,166.5,166,165.5,165,164,163.5,163,162.5,162,161,160.5,160,159,158.5,158.5,158,157.5,157.5,157.5,157,156.5,156.5,156,155.5,155.5,155,154.5,154,153.5,153.5,153,152.5,152,151.5,151.5,151,150.5,150,149.5,149,148.5,148.5,148,147.5,147,146.5,146,145.5,145,144.5,144,143.5,144,145,146,146.5,147,148,149,150,151,152,152.5,153,154,154.5,155,155.5,155.5,156,156.5,157,157.5,158,158.5,158.5,159,159.5,160,160.5,161,161.5,162,162.5,163,163.5,164,165,165.5,165.5,166,167,167.5,168,168.5]","[185,186,186.5,186.5,187,187.5,188,188.5,188.5,189,189.5,190,190.5,190.5,191,191.5,191.5,192,193,193.5,193,192,191,190.5,190,189,188.5,188,187,186.5,186,185.5,185,184,183.5,183,182.5,182,181,180.5,180,179.5,179,178.5,178,177,176.5,176,175.5,175,174.5,174,173.5,173,172.5,172,171.5,171.5,171.5,171,170.5,170.5,170.5,170.5,170.5,170.5,170,169.5,169.5,170,170.5,171,172,172.5,173,173.5,174,174.5,175,176,176.5,177,177.5,178,178.5,179,179.5,180,180.5,181,181.5,181.5,182,183,183.5,183.5,184,184.5,185]","[168.5,168.5,168,167,166.5,166,165.5,165,164,163.5,163,162.5,162,161,160.5,160,159,158.5,158.5,158,157.5,157.5,157.5,157,156.5,156.5,156,155.5,155.5,155,154.5,154,153.5,153.5,153,152.5,152,151.5,151.5,151,150.5,150,149.5,149,148.5,148.5,148,147.5,147,146.5,146,145.5,145,144.5,144,143.5,144,145,146,146.5,147,148,149,150,151,152,152.5,153,154,154.5,155,155.5,155.5,156,156.5,157,157.5,158,158.5,158.5,159,159.5,160,160.5,161,161.5,162,162.5,163,163.5,164,165,165.5,165.5,166,167,167.5,168,168.5]"
VISa,"Anterior area","[68,67,66,65,64,63.5,63,62,61,60.5,60.5,60,59.5,59.5,59.5,59.5,59.5,59.5,59,58.5,58.5,58.5,58.5,59,59.5,60,60.5,61,62,63,64,64.5,65,66,67,68,69,69.5,70,71,72,73,74,74.5,75,76,77,78,79,79.5,80,81,82,83,84,84.5,85,86,87,87.5,88,89,89.5,89.5,89.5,89,88.5,88.5,88.5,88,87.5,87.5,87,86.5,86,85.5,85,84,83.5,83,82,81.5,81,80.5,80,79.5,79,78,77.5,77,76.5,76,75.5,75,74,73,72.5,72,71.5,71,70,69.5,69,68.5,68]","[155.5,155.5,155.5,155.5,155.5,155,154.5,154.5,154.5,154,153,152.5,152,151,150,149,148,147,146.5,146,145,144,143,142.5,142,141.5,141,140.5,140.5,140.5,140.5,140,139.5,139.5,139.5,139.5,139.5,139,138.5,138.5,138.5,138.5,138.5,138,137.5,137.5,137.5,137.5,137.5,137,136.5,136.5,136.5,136.5,136.5,136,135.5,135.5,135.5,135,134.5,134.5,135,136,137,137.5,138,139,140,140.5,141,142,142.5,143,143.5,144,144.5,144.5,145,145.5,145.5,146,146.5,147,147.5,148,148.5,148.5,149,149.5,150,150.5,151,151.5,151.5,151.5,152,152.5,153,153.5,153.5,154,154.5,155,155.5]","[162,163,164,165,166,166.5,167,168,169,169.5,169.5,170,170.5,170.5,170.5,170.5,170.5,170.5,171,171.5,171.5,171.5,171.5,171,170.5,170,169.5,169,168,167,166,165.5,165,164,163,162,161,160.5,160,159,158,157,156,155.5,155,154,153,152,151,150.5,150,149,148,147,146,145.5,145,144,143,142.5,142,141,140.5,140.5,140.5,141,141.5,141.5,141.5,142,142.5,142.5,143,143.5,144,144.5,145,146,146.5,147,148,148.5,149,149.5,150,150.5,151,152,152.5,153,153.5,154,154.5,155,156,157,157.5,158,158.5,159,160,160.5,161,161.5,162]","[155.5,155.5,155.5,155.5,155.5,155,154.5,154.5,154.5,154,153,152.5,152,151,150,149,148,147,146.5,146,145,144,143,142.5,142,141.5,141,140.5,140.5,140.5,140.5,140,139.5,139.5,139.5,139.5,139.5,139,138.5,138.5,138.5,138.5,138.5,138,137.5,137.5,137.5,137.5,137.5,137,136.5,136.5,136.5,136.5,136.5,136,135.5,135.5,135.5,135,134.5,134.5,135,136,137,137.5,138,139,140,140.5,141,142,142.5,143,143.5,144,144.5,144.5,145,145.5,145.5,146,146.5,147,147.5,148,148.5,148.5,149,149.5,150,150.5,151,151.5,151.5,151.5,152,152.5,153,153.5,153.5,154,154.5,155,155.5]"
VISam,"Anteromedial visual area","[86,85,84.5,84,83,82.5,82,81,80.5,80,79,78.5,78,77,76.5,76,75,74,73.5,73,72,71,70.5,70,69,68,67,66,65.5,66,67,68,68.5,69,69.5,70,71,71.5,72,72.5,73,74,75,75.5,76,76.5,77,77.5,78,79,79.5,80,80.5,81,81.5,82,83,83.5,84,85,85.5,86,86.5,87,87.5,87.5,87.5,87.5,87.5,87,86.5,86.5,86.5,86.5,86.5,86.5,86.5,86.5,86.5,86.5,86.5,86.5,86.5,86.5,86.5,86.5,86]","[163.5,163.5,163,162.5,162.5,162,161.5,161.5,161,160.5,160.5,160,159.5,159.5,159,158.5,158.5,158.5,158,157.5,157.5,157.5,157,156.5,156.5,156.5,156.5,156.5,156,155.5,155.5,155.5,155,154.5,154,153.5,153.5,153,152.5,152,151.5,151.5,151.5,151,150.5,150,149.5,149,148.5,148.5,148,147.5,147,146.5,146,145.5,145.5,145,144.5,144.5,144,143.5,143,142.5,143,144,145,146,147,147.5,148,149,150,151,152,153,154,155,156,157,158,159,160,161,162,163,163.5]","[144,145,145.5,146,147,147.5,148,149,149.5,150,151,151.5,152,153,153.5,154,155,156,156.5,157,158,159,159.5,160,161,162,163,164,164.5,164,163,162,161.5,161,160.5,160,159,158.5,158,157.5,157,156,155,154.5,154,153.5,153,152.5,152,151,150.5,150,149.5,149,148.5,148,147,146.5,146,145,144.5,144,143.5,143,142.5,142.5,142.5,142.5,142.5,143,143.5,143.5,143.5,143.5,143.5,143.5,143.5,143.5,143.5,143.5,143.5,143.5,143.5,143.5,143.5,143.5,144]","[163.5,163.5,163,162.5,162.5,162,161.5,161.5,161,160.5,160.5,160,159.5,159.5,159,158.5,158.5,158.5,158,157.5,157.5,157.5,157,156.5,156.5,156.5,156.5,156.5,156,155.5,155.5,155.5,155,154.5,154,153.5,153.5,153,152.5,152,151.5,151.5,151.5,151,150.5,150,149.5,149,148.5,148.5,148,147.5,147,146.5,146,145.5,145.5,145,144.5,144.5,144,143.5,143,142.5,143,144,145,146,147,147.5,148,149,150,151,152,153,154,155,156,157,158,159,160,161,162,163,163.5]"
VISp,"Primary visual area","[63,62,61,60,59,58,57,56,55,54,53.5,53,52,51,50.5,50,49,48.5,48,47,46.5,46,45.5,45,44.5,44,43.5,43.5,43.5,43.5,43.5,43,42.5,42.5,43,43.5,43,42.5,42.5,42.5,42.5,42,41.5,42,42.5,42,41.5,42,42.5,42,41.5,42,42.5,42,41.5,42,42.5,42.5,42.5,42.5,42.5,42.5,42.5,42.5,43,43.5,43.5,43.5,43.5,44,44.5,44.5,44.5,45,45.5,46,46.5,46.5,47,48,48.5,48.5,49,49.5,50,50.5,51,51.5,52,52.5,53,53.5,54,55,55.5,56,56.5,57,57.5,58,59,59.5,60,61,62,63,63.5,64,65,65.5,66,66.5,67,67.5,68,68.5,68.5,69,69.5,69.5,70,70.5,71,71.5,71.5,72,72.5,73,73.5,73.5,74,74.5,74.5,75,75.5,76,76.5,76.5,77,77.5,77.5,78,78.5,78.5,79,79.5,79.5,80,80.5,81,81.5,81.5,82,82.5,82.5,83,83.5,84,84.5,84.5,85,85.5,85.5,86,86.5,86.5,87,87.5,88,88.5,88.5,88.5,88,87.5,87.5,87,86.5,86.5,86,85,84.5,84,83.5,83,82.5,82,81,80,79.5,79,78.5,78,77,76,75.5,75,74,73,72.5,72,71,70,69,68,67.5,67,66,65,64,63.5,63]","[208.5,208.5,208.5,208.5,208.5,208.5,208.5,208.5,208.5,208.5,208,207.5,207.5,207.5,207,206.5,206.5,206,205.5,205.5,205,204.5,204,203.5,203,202.5,202,201,200,199,198,197.5,197,196,195.5,195,194.5,194,193,192,191,190.5,190,189.5,189,188.5,188,187.5,187,186.5,186,185.5,185,184.5,184,183.5,183,182,181,180,179,178,177,176,175.5,175,174,173,172,171.5,171,170,169,168.5,168,167.5,167,166,165.5,165.5,165,164,163.5,163,162.5,162,161.5,161,160.5,160,159.5,159,158.5,158.5,158,157.5,157,156.5,156,155.5,155.5,155,154.5,154.5,154.5,154.5,155,155.5,155.5,156,156.5,157,157.5,158,158.5,159,160,160.5,161,162,162.5,163,163.5,164,165,165.5,166,166.5,167,168,168.5,169,170,170.5,171,171.5,172,173,173.5,174,175,175.5,176,177,177.5,178,179,179.5,180,180.5,181,182,182.5,183,184,184.5,185,185.5,186,187,187.5,188,189,189.5,190,191,191.5,192,192.5,193,194,195,195.5,196,197,197.5,198,199,199.5,199.5,200,200.5,201,201.5,202,202.5,202.5,202.5,203,203.5,204,204.5,204.5,204.5,205,205.5,205.5,205.5,206,206.5,206.5,206.5,206.5,206.5,207,207.5,207.5,207.5,207.5,208,208.5]","[167,168,169,170,171,172,173,174,175,176,176.5,177,178,179,179.5,180,181,181.5,182,183,183.5,184,184.5,185,185.5,186,186.5,186.5,186.5,186.5,186.5,187,187.5,187.5,187,186.5,187,187.5,187.5,187.5,187.5,188,188.5,188,187.5,188,188.5,188,187.5,188,188.5,188,187.5,188,188.5,188,187.5,187.5,187.5,187.5,187.5,187.5,187.5,187.5,187,186.5,186.5,186.5,186.5,186,185.5,185.5,185.5,185,184.5,184,183.5,183.5,183,182,181.5,181.5,181,180.5,180,179.5,179,178.5,178,177.5,177,176.5,176,175,174.5,174,173.5,173,172.5,172,171,170.5,170,169,168,167,166.5,166,165,164.5,164,163.5,163,162.5,162,161.5,161.5,161,160.5,160.5,160,159.5,159,158.5,158.5,158,157.5,157,156.5,156.5,156,155.5,155.5,155,154.5,154,153.5,153.5,153,152.5,152.5,152,151.5,151.5,151,150.5,150.5,150,149.5,149,148.5,148.5,148,147.5,147.5,147,146.5,146,145.5,145.5,145,144.5,144.5,144,143.5,143.5,143,142.5,142,141.5,141.5,141.5,142,142.5,142.5,143,143.5,143.5,144,145,145.5,146,146.5,147,147.5,148,149,150,150.5,151,151.5,152,153,154,154.5,155,156,157,157.5,158,159,160,161,162,162.5,163,164,165,166,166.5,167]","[208.5,208.5,208.5,208.5,208.5,208.5,208.5,208.5,208.5,208.5,208,207.5,207.5,207.5,207,206.5,206.5,206,205.5,205.5,205,204.5,204,203.5,203,202.5,202,201,200,199,198,197.5,197,196,195.5,195,194.5,194,193,192,191,190.5,190,189.5,189,188.5,188,187.5,187,186.5,186,185.5,185,184.5,184,183.5,183,182,181,180,179,178,177,176,175.5,175,174,173,172,171.5,171,170,169,168.5,168,167.5,167,166,165.5,165.5,165,164,163.5,163,162.5,162,161.5,161,160.5,160,159.5,159,158.5,158.5,158,157.5,157,156.5,156,155.5,155.5,155,154.5,154.5,154.5,154.5,155,155.5,155.5,156,156.5,157,157.5,158,158.5,159,160,160.5,161,162,162.5,163,163.5,164,165,165.5,166,166.5,167,168,168.5,169,170,170.5,171,171.5,172,173,173.5,174,175,175.5,176,177,177.5,178,179,179.5,180,180.5,181,182,182.5,183,184,184.5,185,185.5,186,187,187.5,188,189,189.5,190,191,191.5,192,192.5,193,194,195,195.5,196,197,197.5,198,199,199.5,199.5,200,200.5,201,201.5,202,202.5,202.5,202.5,203,203.5,204,204.5,204.5,204.5,205,205.5,205.5,205.5,206,206.5,206.5,206.5,206.5,206.5,207,207.5,207.5,207.5,207.5,208,208.5]"
